Month,Year,Primary Practice County,Specialty,Count of Licensees
August,2015,ALAMEDA,AEROSPACE MEDICINE ,2
August,2015,ALAMEDA,ALLERGY & IMMUNOLOGY,21
August,2015,ALAMEDA,ANESTHESIOLOGY,164
August,2015,ALAMEDA,CARDIOLOGY ,99
August,2015,ALAMEDA,COMPLEMENTARY & ALTERNATIVE MEDICINE ,13
August,2015,ALAMEDA,COSMETIC SURGERY ,2
August,2015,ALAMEDA,CRITICAL CARE ,32
August,2015,ALAMEDA,DERMATOLOGY ,65
August,2015,ALAMEDA,EMERGENCY MEDICINE ,275
August,2015,ALAMEDA,ENDOCRINOLOGY ,30
August,2015,ALAMEDA,"FACIAL, PLASTIC & RECONSTRUCTIVE ",6
August,2015,ALAMEDA,FAMILY PRACTICE ,334
August,2015,ALAMEDA,GASTROENTEROLOGY,64
August,2015,ALAMEDA,GENERAL PRACTICE,68
August,2015,ALAMEDA,GENERAL SURGERY ,90
August,2015,ALAMEDA,GERIATRICS ,15
August,2015,ALAMEDA,HEMATOLOGY,15
August,2015,ALAMEDA,INFECTIOUS DISEASE ,37
August,2015,ALAMEDA,INTERNAL MEDICINE ,734
August,2015,ALAMEDA,MEDICAL GENETICS ,5
August,2015,ALAMEDA,NEONATAL-PERINATAL MED. ,41
August,2015,ALAMEDA,NEPHROLOGY ,50
August,2015,ALAMEDA,NEUROLOGICAL SURGERY ,16
August,2015,ALAMEDA,NEUROLOGY ,67
August,2015,ALAMEDA,NUCLEAR MEDICINE ,9
August,2015,ALAMEDA,OBSTETRICS & GYNECOLOGY ,235
August,2015,ALAMEDA,OCCUPATIONAL MEDICINE ,43
August,2015,ALAMEDA,ONCOLOGY ,48
August,2015,ALAMEDA,OPHTHALMOLOGY ,89
August,2015,ALAMEDA,ORTHOPAEDIC SURGERY ,110
August,2015,ALAMEDA,OTHER MEDICAL PRACTICE ,96
August,2015,ALAMEDA,OTOLARYNGOLOGY ,50
August,2015,ALAMEDA,PAIN MEDICINE ,14
August,2015,ALAMEDA,PATHOLOGY ,75
August,2015,ALAMEDA,PEDIATRICS ,517
August,2015,ALAMEDA,PHYSICAL MEDICINE & REHABILITATION ,50
August,2015,ALAMEDA,PLASTIC SURGERY ,21
August,2015,ALAMEDA,PSYCHIATRY ,315
August,2015,ALAMEDA,PUBLIC HEALTH & GENERAL PREVENTIVE MEDICINE ,34
August,2015,ALAMEDA,PULMONOLOGY ,30
August,2015,ALAMEDA,RADIATION ONCOLOGY ,20
August,2015,ALAMEDA,RADIOLOGY ,116
August,2015,ALAMEDA,RHEUMATOLOGY ,20
August,2015,ALAMEDA,SLEEP MEDICINE ,1
August,2015,ALAMEDA,SPINE SURGERY ,9
August,2015,ALAMEDA,SPORTS MEDICINE ,13
August,2015,ALAMEDA,SURGICAL ONCOLOGY ,10
August,2015,ALAMEDA,THORACIC SURGERY ,12
August,2015,ALAMEDA,UROLOGY ,42
August,2015,ALAMEDA,VASCULAR SURGERY ,13
August,2015,ALPINE,FAMILY PRACTICE ,1
August,2015,AMADOR,ANESTHESIOLOGY,5
August,2015,AMADOR,CARDIOLOGY ,2
August,2015,AMADOR,EMERGENCY MEDICINE ,2
August,2015,AMADOR,FAMILY PRACTICE ,10
August,2015,AMADOR,GASTROENTEROLOGY,1
August,2015,AMADOR,GENERAL PRACTICE,1
August,2015,AMADOR,GENERAL SURGERY ,3
August,2015,AMADOR,HEMATOLOGY,1
August,2015,AMADOR,INTERNAL MEDICINE ,8
August,2015,AMADOR,NEUROLOGY ,1
August,2015,AMADOR,OBSTETRICS & GYNECOLOGY ,6
August,2015,AMADOR,ONCOLOGY ,1
August,2015,AMADOR,ORTHOPAEDIC SURGERY ,1
August,2015,AMADOR,OTOLARYNGOLOGY ,1
August,2015,AMADOR,PAIN MEDICINE ,1
August,2015,AMADOR,PEDIATRICS ,2
August,2015,AMADOR,PSYCHIATRY ,7
August,2015,AMADOR,PUBLIC HEALTH & GENERAL PREVENTIVE MEDICINE ,2
August,2015,AMADOR,RADIOLOGY ,3
August,2015,BUTTE,ALLERGY & IMMUNOLOGY,3
August,2015,BUTTE,ANESTHESIOLOGY,29
August,2015,BUTTE,CARDIOLOGY ,12
August,2015,BUTTE,COMPLEMENTARY & ALTERNATIVE MEDICINE ,1
August,2015,BUTTE,CRITICAL CARE ,1
August,2015,BUTTE,DERMATOLOGY ,9
August,2015,BUTTE,EMERGENCY MEDICINE ,29
August,2015,BUTTE,ENDOCRINOLOGY ,4
August,2015,BUTTE,FAMILY PRACTICE ,59
August,2015,BUTTE,GASTROENTEROLOGY,10
August,2015,BUTTE,GENERAL PRACTICE,18
August,2015,BUTTE,GENERAL SURGERY ,15
August,2015,BUTTE,GERIATRICS ,1
August,2015,BUTTE,HEMATOLOGY,1
August,2015,BUTTE,INFECTIOUS DISEASE ,1
August,2015,BUTTE,INTERNAL MEDICINE ,52
August,2015,BUTTE,NEPHROLOGY ,3
August,2015,BUTTE,NEUROLOGICAL SURGERY ,3
August,2015,BUTTE,NEUROLOGY ,5
August,2015,BUTTE,NUCLEAR MEDICINE ,1
August,2015,BUTTE,OBSTETRICS & GYNECOLOGY ,20
August,2015,BUTTE,OCCUPATIONAL MEDICINE ,2
August,2015,BUTTE,ONCOLOGY ,6
August,2015,BUTTE,OPHTHALMOLOGY ,19
August,2015,BUTTE,ORTHOPAEDIC SURGERY ,21
August,2015,BUTTE,OTHER MEDICAL PRACTICE ,7
August,2015,BUTTE,OTOLARYNGOLOGY ,7
August,2015,BUTTE,PAIN MEDICINE ,3
August,2015,BUTTE,PATHOLOGY ,7
August,2015,BUTTE,PEDIATRICS ,24
August,2015,BUTTE,PHYSICAL MEDICINE & REHABILITATION ,3
August,2015,BUTTE,PLASTIC SURGERY ,3
August,2015,BUTTE,PSYCHIATRY ,19
August,2015,BUTTE,PUBLIC HEALTH & GENERAL PREVENTIVE MEDICINE ,2
August,2015,BUTTE,PULMONOLOGY ,4
August,2015,BUTTE,RADIATION ONCOLOGY ,8
August,2015,BUTTE,RADIOLOGY ,19
August,2015,BUTTE,RHEUMATOLOGY ,1
August,2015,BUTTE,SLEEP MEDICINE ,1
August,2015,BUTTE,SURGICAL ONCOLOGY ,1
August,2015,BUTTE,THORACIC SURGERY ,2
August,2015,BUTTE,UROLOGY ,4
August,2015,BUTTE,VASCULAR SURGERY ,5
August,2015,CALAVERAS,ANESTHESIOLOGY,4
August,2015,CALAVERAS,CARDIOLOGY ,1
August,2015,CALAVERAS,EMERGENCY MEDICINE ,3
August,2015,CALAVERAS,FAMILY PRACTICE ,10
August,2015,CALAVERAS,GASTROENTEROLOGY,1
August,2015,CALAVERAS,GENERAL PRACTICE,6
August,2015,CALAVERAS,INTERNAL MEDICINE ,5
August,2015,CALAVERAS,OBSTETRICS & GYNECOLOGY ,2
August,2015,CALAVERAS,OPHTHALMOLOGY ,1
August,2015,CALAVERAS,ORTHOPAEDIC SURGERY ,2
August,2015,CALAVERAS,OTHER MEDICAL PRACTICE ,1
August,2015,CALAVERAS,PSYCHIATRY ,4
August,2015,CALAVERAS,PUBLIC HEALTH & GENERAL PREVENTIVE MEDICINE ,1
August,2015,CALAVERAS,RADIOLOGY ,4
August,2015,COLUSA,FAMILY PRACTICE ,2
August,2015,COLUSA,GENERAL PRACTICE,1
August,2015,COLUSA,GENERAL SURGERY ,1
August,2015,COLUSA,INTERNAL MEDICINE ,1
August,2015,COLUSA,ORTHOPAEDIC SURGERY ,1
August,2015,CONTRA COSTA,AEROSPACE MEDICINE ,1
August,2015,CONTRA COSTA,ALLERGY & IMMUNOLOGY,18
August,2015,CONTRA COSTA,ANESTHESIOLOGY,184
August,2015,CONTRA COSTA,CARDIOLOGY ,70
August,2015,CONTRA COSTA,COMPLEMENTARY & ALTERNATIVE MEDICINE ,5
August,2015,CONTRA COSTA,COSMETIC SURGERY ,5
August,2015,CONTRA COSTA,CRITICAL CARE ,16
August,2015,CONTRA COSTA,DERMATOLOGY ,47
August,2015,CONTRA COSTA,EMERGENCY MEDICINE ,142
August,2015,CONTRA COSTA,ENDOCRINOLOGY ,26
August,2015,CONTRA COSTA,"FACIAL, PLASTIC & RECONSTRUCTIVE ",2
August,2015,CONTRA COSTA,FAMILY PRACTICE ,349
August,2015,CONTRA COSTA,GASTROENTEROLOGY,55
August,2015,CONTRA COSTA,GENERAL PRACTICE,41
August,2015,CONTRA COSTA,GENERAL SURGERY ,67
August,2015,CONTRA COSTA,GERIATRICS ,11
August,2015,CONTRA COSTA,HEMATOLOGY,7
August,2015,CONTRA COSTA,INFECTIOUS DISEASE ,26
August,2015,CONTRA COSTA,INTERNAL MEDICINE ,429
August,2015,CONTRA COSTA,MEDICAL GENETICS ,2
August,2015,CONTRA COSTA,NEONATAL-PERINATAL MED. ,15
August,2015,CONTRA COSTA,NEPHROLOGY ,25
August,2015,CONTRA COSTA,NEUROLOGICAL SURGERY ,18
August,2015,CONTRA COSTA,NEUROLOGY ,49
August,2015,CONTRA COSTA,NUCLEAR MEDICINE ,10
August,2015,CONTRA COSTA,OBSTETRICS & GYNECOLOGY ,144
August,2015,CONTRA COSTA,OCCUPATIONAL MEDICINE ,29
August,2015,CONTRA COSTA,ONCOLOGY ,43
August,2015,CONTRA COSTA,OPHTHALMOLOGY ,67
August,2015,CONTRA COSTA,ORTHOPAEDIC SURGERY ,83
August,2015,CONTRA COSTA,OTHER MEDICAL PRACTICE ,59
August,2015,CONTRA COSTA,OTOLARYNGOLOGY ,32
August,2015,CONTRA COSTA,PAIN MEDICINE ,14
August,2015,CONTRA COSTA,PATHOLOGY ,37
August,2015,CONTRA COSTA,PEDIATRICS ,233
August,2015,CONTRA COSTA,PHYSICAL MEDICINE & REHABILITATION ,17
August,2015,CONTRA COSTA,PLASTIC SURGERY ,30
August,2015,CONTRA COSTA,PSYCHIATRY ,169
August,2015,CONTRA COSTA,PUBLIC HEALTH & GENERAL PREVENTIVE MEDICINE ,23
August,2015,CONTRA COSTA,PULMONOLOGY ,29
August,2015,CONTRA COSTA,RADIATION ONCOLOGY ,10
August,2015,CONTRA COSTA,RADIOLOGY ,148
August,2015,CONTRA COSTA,RHEUMATOLOGY ,21
August,2015,CONTRA COSTA,SLEEP MEDICINE ,5
August,2015,CONTRA COSTA,SPINE SURGERY ,3
August,2015,CONTRA COSTA,SPORTS MEDICINE ,4
August,2015,CONTRA COSTA,SURGICAL ONCOLOGY ,3
August,2015,CONTRA COSTA,THORACIC SURGERY ,12
August,2015,CONTRA COSTA,UROLOGY ,33
August,2015,CONTRA COSTA,VASCULAR SURGERY ,10
August,2015,DEL NORTE,ALLERGY & IMMUNOLOGY,1
August,2015,DEL NORTE,EMERGENCY MEDICINE ,2
August,2015,DEL NORTE,FAMILY PRACTICE ,10
August,2015,DEL NORTE,GENERAL PRACTICE,2
August,2015,DEL NORTE,GENERAL SURGERY ,1
August,2015,DEL NORTE,INTERNAL MEDICINE ,3
August,2015,DEL NORTE,OBSTETRICS & GYNECOLOGY ,2
August,2015,DEL NORTE,OPHTHALMOLOGY ,2
August,2015,DEL NORTE,ORTHOPAEDIC SURGERY ,2
August,2015,DEL NORTE,PEDIATRICS ,1
August,2015,DEL NORTE,PSYCHIATRY ,3
August,2015,DEL NORTE,UROLOGY ,1
August,2015,EL DORADO,ALLERGY & IMMUNOLOGY,3
August,2015,EL DORADO,ANESTHESIOLOGY,19
August,2015,EL DORADO,CARDIOLOGY ,5
August,2015,EL DORADO,COMPLEMENTARY & ALTERNATIVE MEDICINE ,1
August,2015,EL DORADO,CRITICAL CARE ,1
August,2015,EL DORADO,DERMATOLOGY ,3
August,2015,EL DORADO,EMERGENCY MEDICINE ,23
August,2015,EL DORADO,ENDOCRINOLOGY ,1
August,2015,EL DORADO,FAMILY PRACTICE ,52
August,2015,EL DORADO,GASTROENTEROLOGY,4
August,2015,EL DORADO,GENERAL PRACTICE,7
August,2015,EL DORADO,GENERAL SURGERY ,8
August,2015,EL DORADO,GERIATRICS ,2
August,2015,EL DORADO,INTERNAL MEDICINE ,45
August,2015,EL DORADO,MEDICAL GENETICS ,2
August,2015,EL DORADO,NEUROLOGICAL SURGERY ,1
August,2015,EL DORADO,NEUROLOGY ,2
August,2015,EL DORADO,NUCLEAR MEDICINE ,1
August,2015,EL DORADO,OBSTETRICS & GYNECOLOGY ,12
August,2015,EL DORADO,ONCOLOGY ,1
August,2015,EL DORADO,OPHTHALMOLOGY ,3
August,2015,EL DORADO,ORTHOPAEDIC SURGERY ,12
August,2015,EL DORADO,OTHER MEDICAL PRACTICE ,6
August,2015,EL DORADO,OTOLARYNGOLOGY ,3
August,2015,EL DORADO,PAIN MEDICINE ,3
August,2015,EL DORADO,PATHOLOGY ,4
August,2015,EL DORADO,PEDIATRICS ,16
August,2015,EL DORADO,PHYSICAL MEDICINE & REHABILITATION ,1
August,2015,EL DORADO,PLASTIC SURGERY ,1
August,2015,EL DORADO,PSYCHIATRY ,17
August,2015,EL DORADO,PUBLIC HEALTH & GENERAL PREVENTIVE MEDICINE ,2
August,2015,EL DORADO,PULMONOLOGY ,3
August,2015,EL DORADO,RADIOLOGY ,11
August,2015,EL DORADO,SPORTS MEDICINE ,2
August,2015,EL DORADO,UROLOGY ,6
August,2015,FRESNO,ALLERGY & IMMUNOLOGY,15
August,2015,FRESNO,ANESTHESIOLOGY,94
August,2015,FRESNO,CARDIOLOGY ,51
August,2015,FRESNO,COSMETIC SURGERY ,2
August,2015,FRESNO,CRITICAL CARE ,22
August,2015,FRESNO,DERMATOLOGY ,15
August,2015,FRESNO,EMERGENCY MEDICINE ,91
August,2015,FRESNO,ENDOCRINOLOGY ,12
August,2015,FRESNO,FAMILY PRACTICE ,187
August,2015,FRESNO,GASTROENTEROLOGY,36
August,2015,FRESNO,GENERAL PRACTICE,36
August,2015,FRESNO,GENERAL SURGERY ,73
August,2015,FRESNO,GERIATRICS ,3
August,2015,FRESNO,HEMATOLOGY,4
August,2015,FRESNO,INFECTIOUS DISEASE ,11
August,2015,FRESNO,INTERNAL MEDICINE ,258
August,2015,FRESNO,MEDICAL GENETICS ,4
August,2015,FRESNO,NEONATAL-PERINATAL MED. ,11
August,2015,FRESNO,NEPHROLOGY ,18
August,2015,FRESNO,NEUROLOGICAL SURGERY ,16
August,2015,FRESNO,NEUROLOGY ,31
August,2015,FRESNO,NUCLEAR MEDICINE ,4
August,2015,FRESNO,OBSTETRICS & GYNECOLOGY ,81
August,2015,FRESNO,OCCUPATIONAL MEDICINE ,7
August,2015,FRESNO,ONCOLOGY ,26
August,2015,FRESNO,OPHTHALMOLOGY ,39
August,2015,FRESNO,ORTHOPAEDIC SURGERY ,48
August,2015,FRESNO,OTHER MEDICAL PRACTICE ,26
August,2015,FRESNO,OTOLARYNGOLOGY ,17
August,2015,FRESNO,PAIN MEDICINE ,8
August,2015,FRESNO,PATHOLOGY ,29
August,2015,FRESNO,PEDIATRICS ,122
August,2015,FRESNO,PHYSICAL MEDICINE & REHABILITATION ,21
August,2015,FRESNO,PLASTIC SURGERY ,14
August,2015,FRESNO,PSYCHIATRY ,99
August,2015,FRESNO,PUBLIC HEALTH & GENERAL PREVENTIVE MEDICINE ,2
August,2015,FRESNO,PULMONOLOGY ,20
August,2015,FRESNO,RADIATION ONCOLOGY ,9
August,2015,FRESNO,RADIOLOGY ,71
August,2015,FRESNO,RHEUMATOLOGY ,10
August,2015,FRESNO,SLEEP MEDICINE ,5
August,2015,FRESNO,SPINE SURGERY ,1
August,2015,FRESNO,SURGICAL ONCOLOGY ,2
August,2015,FRESNO,THORACIC SURGERY ,10
August,2015,FRESNO,UROLOGY ,18
August,2015,FRESNO,VASCULAR SURGERY ,8
August,2015,GLENN,EMERGENCY MEDICINE ,2
August,2015,GLENN,FAMILY PRACTICE ,1
August,2015,GLENN,GENERAL PRACTICE,2
August,2015,GLENN,GENERAL SURGERY ,2
August,2015,GLENN,INTERNAL MEDICINE ,2
August,2015,GLENN,NEUROLOGY ,1
August,2015,GLENN,OPHTHALMOLOGY ,1
August,2015,GLENN,PHYSICAL MEDICINE & REHABILITATION ,1
August,2015,HUMBOLDT,ALLERGY & IMMUNOLOGY,1
August,2015,HUMBOLDT,ANESTHESIOLOGY,13
August,2015,HUMBOLDT,CARDIOLOGY ,3
August,2015,HUMBOLDT,CRITICAL CARE ,1
August,2015,HUMBOLDT,DERMATOLOGY ,2
August,2015,HUMBOLDT,EMERGENCY MEDICINE ,16
August,2015,HUMBOLDT,FAMILY PRACTICE ,55
August,2015,HUMBOLDT,GASTROENTEROLOGY,3
August,2015,HUMBOLDT,GENERAL PRACTICE,10
August,2015,HUMBOLDT,GENERAL SURGERY ,15
August,2015,HUMBOLDT,GERIATRICS ,2
August,2015,HUMBOLDT,HEMATOLOGY,1
August,2015,HUMBOLDT,INFECTIOUS DISEASE ,1
August,2015,HUMBOLDT,INTERNAL MEDICINE ,18
August,2015,HUMBOLDT,NEPHROLOGY ,2
August,2015,HUMBOLDT,NEUROLOGICAL SURGERY ,1
August,2015,HUMBOLDT,NEUROLOGY ,4
August,2015,HUMBOLDT,OBSTETRICS & GYNECOLOGY ,5
August,2015,HUMBOLDT,OCCUPATIONAL MEDICINE ,6
August,2015,HUMBOLDT,ONCOLOGY ,1
August,2015,HUMBOLDT,OPHTHALMOLOGY ,4
August,2015,HUMBOLDT,ORTHOPAEDIC SURGERY ,8
August,2015,HUMBOLDT,OTHER MEDICAL PRACTICE ,7
August,2015,HUMBOLDT,OTOLARYNGOLOGY ,3
August,2015,HUMBOLDT,PAIN MEDICINE ,1
August,2015,HUMBOLDT,PATHOLOGY ,5
August,2015,HUMBOLDT,PEDIATRICS ,13
August,2015,HUMBOLDT,PLASTIC SURGERY ,2
August,2015,HUMBOLDT,PSYCHIATRY ,11
August,2015,HUMBOLDT,PULMONOLOGY ,1
August,2015,HUMBOLDT,RADIATION ONCOLOGY ,3
August,2015,HUMBOLDT,RADIOLOGY ,13
August,2015,HUMBOLDT,RHEUMATOLOGY ,1
August,2015,HUMBOLDT,SPINE SURGERY ,1
August,2015,HUMBOLDT,THORACIC SURGERY ,1
August,2015,HUMBOLDT,UROLOGY ,3
August,2015,IMPERIAL,ALLERGY & IMMUNOLOGY,1
August,2015,IMPERIAL,ANESTHESIOLOGY,1
August,2015,IMPERIAL,CARDIOLOGY ,2
August,2015,IMPERIAL,DERMATOLOGY ,2
August,2015,IMPERIAL,EMERGENCY MEDICINE ,7
August,2015,IMPERIAL,FAMILY PRACTICE ,22
August,2015,IMPERIAL,GASTROENTEROLOGY,4
August,2015,IMPERIAL,GENERAL PRACTICE,1
August,2015,IMPERIAL,GENERAL SURGERY ,6
August,2015,IMPERIAL,INFECTIOUS DISEASE ,1
August,2015,IMPERIAL,INTERNAL MEDICINE ,14
August,2015,IMPERIAL,NEPHROLOGY ,5
August,2015,IMPERIAL,NEUROLOGICAL SURGERY ,1
August,2015,IMPERIAL,NEUROLOGY ,2
August,2015,IMPERIAL,OBSTETRICS & GYNECOLOGY ,9
August,2015,IMPERIAL,ONCOLOGY ,2
August,2015,IMPERIAL,OPHTHALMOLOGY ,2
August,2015,IMPERIAL,ORTHOPAEDIC SURGERY ,3
August,2015,IMPERIAL,OTHER MEDICAL PRACTICE ,2
August,2015,IMPERIAL,OTOLARYNGOLOGY ,2
August,2015,IMPERIAL,PAIN MEDICINE ,1
August,2015,IMPERIAL,PATHOLOGY ,2
August,2015,IMPERIAL,PEDIATRICS ,14
August,2015,IMPERIAL,PSYCHIATRY ,9
August,2015,IMPERIAL,PULMONOLOGY ,1
August,2015,IMPERIAL,RADIOLOGY ,2
August,2015,IMPERIAL,SLEEP MEDICINE ,1
August,2015,IMPERIAL,UROLOGY ,3
August,2015,IMPERIAL,VASCULAR SURGERY ,1
August,2015,INYO,ALLERGY & IMMUNOLOGY,1
August,2015,INYO,ANESTHESIOLOGY,3
August,2015,INYO,EMERGENCY MEDICINE ,5
August,2015,INYO,FAMILY PRACTICE ,8
August,2015,INYO,GENERAL PRACTICE,2
August,2015,INYO,GENERAL SURGERY ,4
August,2015,INYO,INTERNAL MEDICINE ,6
August,2015,INYO,OBSTETRICS & GYNECOLOGY ,4
August,2015,INYO,OPHTHALMOLOGY ,1
August,2015,INYO,ORTHOPAEDIC SURGERY ,3
August,2015,INYO,PATHOLOGY ,2
August,2015,INYO,PEDIATRICS ,1
August,2015,INYO,PSYCHIATRY ,3
August,2015,INYO,RADIOLOGY ,2
August,2015,KERN,AEROSPACE MEDICINE ,1
August,2015,KERN,ALLERGY & IMMUNOLOGY,8
August,2015,KERN,ANESTHESIOLOGY,44
August,2015,KERN,CARDIOLOGY ,32
August,2015,KERN,COSMETIC SURGERY ,2
August,2015,KERN,CRITICAL CARE ,3
August,2015,KERN,DERMATOLOGY ,9
August,2015,KERN,EMERGENCY MEDICINE ,40
August,2015,KERN,ENDOCRINOLOGY ,11
August,2015,KERN,"FACIAL, PLASTIC & RECONSTRUCTIVE ",1
August,2015,KERN,FAMILY PRACTICE ,143
August,2015,KERN,GASTROENTEROLOGY,13
August,2015,KERN,GENERAL PRACTICE,34
August,2015,KERN,GENERAL SURGERY ,32
August,2015,KERN,GERIATRICS ,3
August,2015,KERN,HEMATOLOGY,3
August,2015,KERN,INFECTIOUS DISEASE ,9
August,2015,KERN,INTERNAL MEDICINE ,151
August,2015,KERN,NEONATAL-PERINATAL MED. ,5
August,2015,KERN,NEPHROLOGY ,12
August,2015,KERN,NEUROLOGICAL SURGERY ,8
August,2015,KERN,NEUROLOGY ,11
August,2015,KERN,NUCLEAR MEDICINE ,1
August,2015,KERN,OBSTETRICS & GYNECOLOGY ,64
August,2015,KERN,OCCUPATIONAL MEDICINE ,12
August,2015,KERN,ONCOLOGY ,14
August,2015,KERN,OPHTHALMOLOGY ,17
August,2015,KERN,ORTHOPAEDIC SURGERY ,26
August,2015,KERN,OTHER MEDICAL PRACTICE ,10
August,2015,KERN,OTOLARYNGOLOGY ,7
August,2015,KERN,PAIN MEDICINE ,12
August,2015,KERN,PATHOLOGY ,15
August,2015,KERN,PEDIATRICS ,79
August,2015,KERN,PHYSICAL MEDICINE & REHABILITATION ,5
August,2015,KERN,PLASTIC SURGERY ,9
August,2015,KERN,PSYCHIATRY ,58
August,2015,KERN,PUBLIC HEALTH & GENERAL PREVENTIVE MEDICINE ,5
August,2015,KERN,PULMONOLOGY ,10
August,2015,KERN,RADIATION ONCOLOGY ,4
August,2015,KERN,RADIOLOGY ,36
August,2015,KERN,RHEUMATOLOGY ,4
August,2015,KERN,SPINE SURGERY ,3
August,2015,KERN,THORACIC SURGERY ,5
August,2015,KERN,UROLOGY ,11
August,2015,KERN,VASCULAR SURGERY ,4
August,2015,KINGS,ANESTHESIOLOGY,10
August,2015,KINGS,CARDIOLOGY ,6
August,2015,KINGS,COSMETIC SURGERY ,1
August,2015,KINGS,CRITICAL CARE ,1
August,2015,KINGS,DERMATOLOGY ,1
August,2015,KINGS,EMERGENCY MEDICINE ,8
August,2015,KINGS,ENDOCRINOLOGY ,2
August,2015,KINGS,FAMILY PRACTICE ,39
August,2015,KINGS,GASTROENTEROLOGY,4
August,2015,KINGS,GENERAL PRACTICE,6
August,2015,KINGS,GENERAL SURGERY ,7
August,2015,KINGS,GERIATRICS ,1
August,2015,KINGS,INFECTIOUS DISEASE ,1
August,2015,KINGS,INTERNAL MEDICINE ,30
August,2015,KINGS,NEPHROLOGY ,2
August,2015,KINGS,NEUROLOGY ,2
August,2015,KINGS,OBSTETRICS & GYNECOLOGY ,10
August,2015,KINGS,OCCUPATIONAL MEDICINE ,1
August,2015,KINGS,ONCOLOGY ,1
August,2015,KINGS,OPHTHALMOLOGY ,6
August,2015,KINGS,ORTHOPAEDIC SURGERY ,3
August,2015,KINGS,OTHER MEDICAL PRACTICE ,4
August,2015,KINGS,OTOLARYNGOLOGY ,4
August,2015,KINGS,PATHOLOGY ,4
August,2015,KINGS,PEDIATRICS ,12
August,2015,KINGS,PSYCHIATRY ,20
August,2015,KINGS,PUBLIC HEALTH & GENERAL PREVENTIVE MEDICINE ,1
August,2015,KINGS,RADIOLOGY ,12
August,2015,KINGS,SPORTS MEDICINE ,1
August,2015,KINGS,SURGICAL ONCOLOGY ,1
August,2015,KINGS,THORACIC SURGERY ,1
August,2015,KINGS,UROLOGY ,2
August,2015,KINGS,VASCULAR SURGERY ,2
August,2015,LAKE,ANESTHESIOLOGY,13
August,2015,LAKE,CARDIOLOGY ,9
August,2015,LAKE,CRITICAL CARE ,1
August,2015,LAKE,DERMATOLOGY ,5
August,2015,LAKE,EMERGENCY MEDICINE ,9
August,2015,LAKE,ENDOCRINOLOGY ,3
August,2015,LAKE,FAMILY PRACTICE ,20
August,2015,LAKE,GASTROENTEROLOGY,4
August,2015,LAKE,GENERAL PRACTICE,11
August,2015,LAKE,GENERAL SURGERY ,6
August,2015,LAKE,GERIATRICS ,1
August,2015,LAKE,INFECTIOUS DISEASE ,3
August,2015,LAKE,INTERNAL MEDICINE ,22
August,2015,LAKE,NEPHROLOGY ,3
August,2015,LAKE,NEUROLOGICAL SURGERY ,1
August,2015,LAKE,NEUROLOGY ,3
August,2015,LAKE,NUCLEAR MEDICINE ,1
August,2015,LAKE,OBSTETRICS & GYNECOLOGY ,8
August,2015,LAKE,OCCUPATIONAL MEDICINE ,2
August,2015,LAKE,ONCOLOGY ,4
August,2015,LAKE,OPHTHALMOLOGY ,7
August,2015,LAKE,ORTHOPAEDIC SURGERY ,6
August,2015,LAKE,OTHER MEDICAL PRACTICE ,3
August,2015,LAKE,PAIN MEDICINE ,1
August,2015,LAKE,PATHOLOGY ,3
August,2015,LAKE,PEDIATRICS ,7
August,2015,LAKE,PHYSICAL MEDICINE & REHABILITATION ,3
August,2015,LAKE,PSYCHIATRY ,8
August,2015,LAKE,PULMONOLOGY ,1
August,2015,LAKE,RADIATION ONCOLOGY ,3
August,2015,LAKE,RADIOLOGY ,12
August,2015,LAKE,RHEUMATOLOGY ,1
August,2015,LAKE,SPINE SURGERY ,1
August,2015,LAKE,UROLOGY ,2
August,2015,LASSEN,ALLERGY & IMMUNOLOGY,1
August,2015,LASSEN,CARDIOLOGY ,3
August,2015,LASSEN,EMERGENCY MEDICINE ,3
August,2015,LASSEN,FAMILY PRACTICE ,14
August,2015,LASSEN,GENERAL PRACTICE,7
August,2015,LASSEN,GENERAL SURGERY ,3
August,2015,LASSEN,INTERNAL MEDICINE ,4
August,2015,LASSEN,OBSTETRICS & GYNECOLOGY ,1
August,2015,LASSEN,ORTHOPAEDIC SURGERY ,1
August,2015,LASSEN,PEDIATRICS ,2
August,2015,LOS ANGELES,AEROSPACE MEDICINE ,11
August,2015,LOS ANGELES,ALLERGY & IMMUNOLOGY,163
August,2015,LOS ANGELES,ANESTHESIOLOGY,1372
August,2015,LOS ANGELES,CARDIOLOGY ,825
August,2015,LOS ANGELES,COMPLEMENTARY & ALTERNATIVE MEDICINE ,24
August,2015,LOS ANGELES,COSMETIC SURGERY ,69
August,2015,LOS ANGELES,CRITICAL CARE ,141
August,2015,LOS ANGELES,DERMATOLOGY ,469
August,2015,LOS ANGELES,EMERGENCY MEDICINE ,1024
August,2015,LOS ANGELES,ENDOCRINOLOGY ,254
August,2015,LOS ANGELES,"FACIAL, PLASTIC & RECONSTRUCTIVE ",80
August,2015,LOS ANGELES,FAMILY PRACTICE ,1914
August,2015,LOS ANGELES,GASTROENTEROLOGY,471
August,2015,LOS ANGELES,GENERAL PRACTICE,731
August,2015,LOS ANGELES,GENERAL SURGERY ,669
August,2015,LOS ANGELES,GERIATRICS ,136
August,2015,LOS ANGELES,HEMATOLOGY,126
August,2015,LOS ANGELES,INFECTIOUS DISEASE ,259
August,2015,LOS ANGELES,INTERNAL MEDICINE ,3634
August,2015,LOS ANGELES,MEDICAL GENETICS ,50
August,2015,LOS ANGELES,NEONATAL-PERINATAL MED. ,171
August,2015,LOS ANGELES,NEPHROLOGY ,311
August,2015,LOS ANGELES,NEUROLOGICAL SURGERY ,164
August,2015,LOS ANGELES,NEUROLOGY ,521
August,2015,LOS ANGELES,NUCLEAR MEDICINE ,64
August,2015,LOS ANGELES,OBSTETRICS & GYNECOLOGY ,1192
August,2015,LOS ANGELES,OCCUPATIONAL MEDICINE ,139
August,2015,LOS ANGELES,ONCOLOGY ,394
August,2015,LOS ANGELES,OPHTHALMOLOGY ,675
August,2015,LOS ANGELES,ORTHOPAEDIC SURGERY ,764
August,2015,LOS ANGELES,OTHER MEDICAL PRACTICE ,354
August,2015,LOS ANGELES,OTOLARYNGOLOGY ,312
August,2015,LOS ANGELES,PAIN MEDICINE ,140
August,2015,LOS ANGELES,PATHOLOGY ,583
August,2015,LOS ANGELES,PEDIATRICS ,2017
August,2015,LOS ANGELES,PHYSICAL MEDICINE & REHABILITATION ,232
August,2015,LOS ANGELES,PLASTIC SURGERY ,345
August,2015,LOS ANGELES,PSYCHIATRY ,1654
August,2015,LOS ANGELES,PUBLIC HEALTH & GENERAL PREVENTIVE MEDICINE ,86
August,2015,LOS ANGELES,PULMONOLOGY ,281
August,2015,LOS ANGELES,RADIATION ONCOLOGY ,165
August,2015,LOS ANGELES,RADIOLOGY ,1020
August,2015,LOS ANGELES,RHEUMATOLOGY ,183
August,2015,LOS ANGELES,SLEEP MEDICINE ,21
August,2015,LOS ANGELES,SPINE SURGERY ,49
August,2015,LOS ANGELES,SPORTS MEDICINE ,26
August,2015,LOS ANGELES,SURGICAL ONCOLOGY ,69
August,2015,LOS ANGELES,THORACIC SURGERY ,138
August,2015,LOS ANGELES,UROLOGY ,342
August,2015,LOS ANGELES,VASCULAR SURGERY ,98
August,2015,MADERA,ANESTHESIOLOGY,1
August,2015,MADERA,CARDIOLOGY ,4
August,2015,MADERA,EMERGENCY MEDICINE ,7
August,2015,MADERA,ENDOCRINOLOGY ,1
August,2015,MADERA,FAMILY PRACTICE ,14
August,2015,MADERA,GASTROENTEROLOGY,6
August,2015,MADERA,GENERAL PRACTICE,7
August,2015,MADERA,GENERAL SURGERY ,2
August,2015,MADERA,INFECTIOUS DISEASE ,1
August,2015,MADERA,INTERNAL MEDICINE ,13
August,2015,MADERA,MEDICAL GENETICS ,2
August,2015,MADERA,NEONATAL-PERINATAL MED. ,5
August,2015,MADERA,NEPHROLOGY ,2
August,2015,MADERA,NEUROLOGICAL SURGERY ,3
August,2015,MADERA,NEUROLOGY ,3
August,2015,MADERA,OBSTETRICS & GYNECOLOGY ,6
August,2015,MADERA,ONCOLOGY ,3
August,2015,MADERA,OPHTHALMOLOGY ,1
August,2015,MADERA,ORTHOPAEDIC SURGERY ,5
August,2015,MADERA,OTHER MEDICAL PRACTICE ,5
August,2015,MADERA,OTOLARYNGOLOGY ,3
August,2015,MADERA,PATHOLOGY ,2
August,2015,MADERA,PEDIATRICS ,65
August,2015,MADERA,PHYSICAL MEDICINE & REHABILITATION ,1
August,2015,MADERA,PLASTIC SURGERY ,1
August,2015,MADERA,PSYCHIATRY ,8
August,2015,MADERA,PULMONOLOGY ,3
August,2015,MADERA,RADIOLOGY ,3
August,2015,MADERA,RHEUMATOLOGY ,2
August,2015,MADERA,THORACIC SURGERY ,2
August,2015,MADERA,UROLOGY ,5
August,2015,MARIN,AEROSPACE MEDICINE ,1
August,2015,MARIN,ALLERGY & IMMUNOLOGY,6
August,2015,MARIN,ANESTHESIOLOGY,63
August,2015,MARIN,CARDIOLOGY ,34
August,2015,MARIN,COMPLEMENTARY & ALTERNATIVE MEDICINE ,9
August,2015,MARIN,COSMETIC SURGERY ,2
August,2015,MARIN,CRITICAL CARE ,6
August,2015,MARIN,DERMATOLOGY ,36
August,2015,MARIN,EMERGENCY MEDICINE ,73
August,2015,MARIN,ENDOCRINOLOGY ,10
August,2015,MARIN,"FACIAL, PLASTIC & RECONSTRUCTIVE ",5
August,2015,MARIN,FAMILY PRACTICE ,67
August,2015,MARIN,GASTROENTEROLOGY,17
August,2015,MARIN,GENERAL PRACTICE,38
August,2015,MARIN,GENERAL SURGERY ,26
August,2015,MARIN,GERIATRICS ,4
August,2015,MARIN,HEMATOLOGY,4
August,2015,MARIN,INFECTIOUS DISEASE ,11
August,2015,MARIN,INTERNAL MEDICINE ,193
August,2015,MARIN,MEDICAL GENETICS ,1
August,2015,MARIN,NEONATAL-PERINATAL MED. ,7
August,2015,MARIN,NEPHROLOGY ,7
August,2015,MARIN,NEUROLOGICAL SURGERY ,2
August,2015,MARIN,NEUROLOGY ,23
August,2015,MARIN,NUCLEAR MEDICINE ,4
August,2015,MARIN,OBSTETRICS & GYNECOLOGY ,62
August,2015,MARIN,OCCUPATIONAL MEDICINE ,7
August,2015,MARIN,ONCOLOGY ,25
August,2015,MARIN,OPHTHALMOLOGY ,36
August,2015,MARIN,ORTHOPAEDIC SURGERY ,39
August,2015,MARIN,OTHER MEDICAL PRACTICE ,33
August,2015,MARIN,OTOLARYNGOLOGY ,14
August,2015,MARIN,PAIN MEDICINE ,8
August,2015,MARIN,PATHOLOGY ,33
August,2015,MARIN,PEDIATRICS ,93
August,2015,MARIN,PHYSICAL MEDICINE & REHABILITATION ,14
August,2015,MARIN,PLASTIC SURGERY ,17
August,2015,MARIN,PSYCHIATRY ,164
August,2015,MARIN,PUBLIC HEALTH & GENERAL PREVENTIVE MEDICINE ,14
August,2015,MARIN,PULMONOLOGY ,7
August,2015,MARIN,RADIATION ONCOLOGY ,9
August,2015,MARIN,RADIOLOGY ,99
August,2015,MARIN,RHEUMATOLOGY ,5
August,2015,MARIN,SLEEP MEDICINE ,2
August,2015,MARIN,SPINE SURGERY ,2
August,2015,MARIN,SPORTS MEDICINE ,4
August,2015,MARIN,SURGICAL ONCOLOGY ,1
August,2015,MARIN,THORACIC SURGERY ,6
August,2015,MARIN,UROLOGY ,17
August,2015,MARIN,VASCULAR SURGERY ,5
August,2015,MARIPOSA,EMERGENCY MEDICINE ,2
August,2015,MARIPOSA,FAMILY PRACTICE ,4
August,2015,MARIPOSA,INTERNAL MEDICINE ,2
August,2015,MARIPOSA,PUBLIC HEALTH & GENERAL PREVENTIVE MEDICINE ,2
August,2015,MENDOCINO,AEROSPACE MEDICINE ,1
August,2015,MENDOCINO,ALLERGY & IMMUNOLOGY,2
August,2015,MENDOCINO,ANESTHESIOLOGY,5
August,2015,MENDOCINO,CARDIOLOGY ,4
August,2015,MENDOCINO,COMPLEMENTARY & ALTERNATIVE MEDICINE ,1
August,2015,MENDOCINO,DERMATOLOGY ,4
August,2015,MENDOCINO,EMERGENCY MEDICINE ,10
August,2015,MENDOCINO,FAMILY PRACTICE ,31
August,2015,MENDOCINO,GASTROENTEROLOGY,1
August,2015,MENDOCINO,GENERAL PRACTICE,5
August,2015,MENDOCINO,GENERAL SURGERY ,8
August,2015,MENDOCINO,INTERNAL MEDICINE ,29
August,2015,MENDOCINO,NEPHROLOGY ,1
August,2015,MENDOCINO,NEUROLOGY ,1
August,2015,MENDOCINO,OBSTETRICS & GYNECOLOGY ,16
August,2015,MENDOCINO,ONCOLOGY ,2
August,2015,MENDOCINO,OPHTHALMOLOGY ,4
August,2015,MENDOCINO,ORTHOPAEDIC SURGERY ,8
August,2015,MENDOCINO,OTHER MEDICAL PRACTICE ,2
August,2015,MENDOCINO,OTOLARYNGOLOGY ,3
August,2015,MENDOCINO,PATHOLOGY ,4
August,2015,MENDOCINO,PEDIATRICS ,13
August,2015,MENDOCINO,PSYCHIATRY ,11
August,2015,MENDOCINO,PUBLIC HEALTH & GENERAL PREVENTIVE MEDICINE ,1
August,2015,MENDOCINO,RADIATION ONCOLOGY ,1
August,2015,MENDOCINO,RADIOLOGY ,7
August,2015,MENDOCINO,UROLOGY ,2
August,2015,MERCED,ALLERGY & IMMUNOLOGY,1
August,2015,MERCED,ANESTHESIOLOGY,14
August,2015,MERCED,CARDIOLOGY ,3
August,2015,MERCED,DERMATOLOGY ,3
August,2015,MERCED,EMERGENCY MEDICINE ,10
August,2015,MERCED,ENDOCRINOLOGY ,1
August,2015,MERCED,FAMILY PRACTICE ,67
August,2015,MERCED,GASTROENTEROLOGY,3
August,2015,MERCED,GENERAL PRACTICE,6
August,2015,MERCED,GENERAL SURGERY ,9
August,2015,MERCED,HEMATOLOGY,1
August,2015,MERCED,INFECTIOUS DISEASE ,1
August,2015,MERCED,INTERNAL MEDICINE ,25
August,2015,MERCED,NEPHROLOGY ,3
August,2015,MERCED,NEUROLOGY ,3
August,2015,MERCED,OBSTETRICS & GYNECOLOGY ,12
August,2015,MERCED,ONCOLOGY ,6
August,2015,MERCED,OPHTHALMOLOGY ,4
August,2015,MERCED,ORTHOPAEDIC SURGERY ,5
August,2015,MERCED,OTOLARYNGOLOGY ,2
August,2015,MERCED,PAIN MEDICINE ,1
August,2015,MERCED,PATHOLOGY ,2
August,2015,MERCED,PEDIATRICS ,22
August,2015,MERCED,PLASTIC SURGERY ,1
August,2015,MERCED,PSYCHIATRY ,8
August,2015,MERCED,PUBLIC HEALTH & GENERAL PREVENTIVE MEDICINE ,1
August,2015,MERCED,PULMONOLOGY ,3
August,2015,MERCED,RADIOLOGY ,2
August,2015,MERCED,SPINE SURGERY ,1
August,2015,MERCED,UROLOGY ,4
August,2015,MODOC,FAMILY PRACTICE ,4
August,2015,MONO,ANESTHESIOLOGY,1
August,2015,MONO,EMERGENCY MEDICINE ,8
August,2015,MONO,FAMILY PRACTICE ,4
August,2015,MONO,GENERAL PRACTICE,1
August,2015,MONO,INTERNAL MEDICINE ,1
August,2015,MONO,NEUROLOGY ,1
August,2015,MONO,OBSTETRICS & GYNECOLOGY ,1
August,2015,MONO,ORTHOPAEDIC SURGERY ,2
August,2015,MONO,PATHOLOGY ,2
August,2015,MONO,PEDIATRICS ,2
August,2015,MONO,PSYCHIATRY ,1
August,2015,MONO,PUBLIC HEALTH & GENERAL PREVENTIVE MEDICINE ,1
August,2015,MONO,PULMONOLOGY ,1
August,2015,MONO,RADIOLOGY ,1
August,2015,MONO,UROLOGY ,1
August,2015,MONTEREY,ALLERGY & IMMUNOLOGY,6
August,2015,MONTEREY,ANESTHESIOLOGY,44
August,2015,MONTEREY,CARDIOLOGY ,26
August,2015,MONTEREY,COMPLEMENTARY & ALTERNATIVE MEDICINE ,2
August,2015,MONTEREY,COSMETIC SURGERY ,1
August,2015,MONTEREY,CRITICAL CARE ,3
August,2015,MONTEREY,DERMATOLOGY ,19
August,2015,MONTEREY,EMERGENCY MEDICINE ,37
August,2015,MONTEREY,ENDOCRINOLOGY ,5
August,2015,MONTEREY,"FACIAL, PLASTIC & RECONSTRUCTIVE ",1
August,2015,MONTEREY,FAMILY PRACTICE ,112
August,2015,MONTEREY,GASTROENTEROLOGY,18
August,2015,MONTEREY,GENERAL PRACTICE,32
August,2015,MONTEREY,GENERAL SURGERY ,26
August,2015,MONTEREY,GERIATRICS ,2
August,2015,MONTEREY,HEMATOLOGY,5
August,2015,MONTEREY,INFECTIOUS DISEASE ,6
August,2015,MONTEREY,INTERNAL MEDICINE ,77
August,2015,MONTEREY,NEONATAL-PERINATAL MED. ,7
August,2015,MONTEREY,NEPHROLOGY ,3
August,2015,MONTEREY,NEUROLOGICAL SURGERY ,8
August,2015,MONTEREY,NEUROLOGY ,13
August,2015,MONTEREY,OBSTETRICS & GYNECOLOGY ,37
August,2015,MONTEREY,OCCUPATIONAL MEDICINE ,5
August,2015,MONTEREY,ONCOLOGY ,9
August,2015,MONTEREY,OPHTHALMOLOGY ,25
August,2015,MONTEREY,ORTHOPAEDIC SURGERY ,25
August,2015,MONTEREY,OTHER MEDICAL PRACTICE ,18
August,2015,MONTEREY,OTOLARYNGOLOGY ,12
August,2015,MONTEREY,PAIN MEDICINE ,7
August,2015,MONTEREY,PATHOLOGY ,15
August,2015,MONTEREY,PEDIATRICS ,56
August,2015,MONTEREY,PHYSICAL MEDICINE & REHABILITATION ,8
August,2015,MONTEREY,PLASTIC SURGERY ,7
August,2015,MONTEREY,PSYCHIATRY ,50
August,2015,MONTEREY,PUBLIC HEALTH & GENERAL PREVENTIVE MEDICINE ,5
August,2015,MONTEREY,PULMONOLOGY ,10
August,2015,MONTEREY,RADIATION ONCOLOGY ,7
August,2015,MONTEREY,RADIOLOGY ,35
August,2015,MONTEREY,RHEUMATOLOGY ,4
August,2015,MONTEREY,SLEEP MEDICINE ,3
August,2015,MONTEREY,SPINE SURGERY ,3
August,2015,MONTEREY,SPORTS MEDICINE ,3
August,2015,MONTEREY,SURGICAL ONCOLOGY ,1
August,2015,MONTEREY,THORACIC SURGERY ,10
August,2015,MONTEREY,UROLOGY ,14
August,2015,MONTEREY,VASCULAR SURGERY ,2
August,2015,NAPA,ALLERGY & IMMUNOLOGY,1
August,2015,NAPA,ANESTHESIOLOGY,16
August,2015,NAPA,CARDIOLOGY ,9
August,2015,NAPA,COMPLEMENTARY & ALTERNATIVE MEDICINE ,2
August,2015,NAPA,CRITICAL CARE ,2
August,2015,NAPA,DERMATOLOGY ,8
August,2015,NAPA,EMERGENCY MEDICINE ,19
August,2015,NAPA,ENDOCRINOLOGY ,4
August,2015,NAPA,FAMILY PRACTICE ,37
August,2015,NAPA,GASTROENTEROLOGY,4
August,2015,NAPA,GENERAL PRACTICE,10
August,2015,NAPA,GENERAL SURGERY ,16
August,2015,NAPA,GERIATRICS ,4
August,2015,NAPA,HEMATOLOGY,1
August,2015,NAPA,INFECTIOUS DISEASE ,2
August,2015,NAPA,INTERNAL MEDICINE ,60
August,2015,NAPA,NEONATAL-PERINATAL MED. ,1
August,2015,NAPA,NEPHROLOGY ,8
August,2015,NAPA,NEUROLOGICAL SURGERY ,5
August,2015,NAPA,NEUROLOGY ,3
August,2015,NAPA,OBSTETRICS & GYNECOLOGY ,14
August,2015,NAPA,OCCUPATIONAL MEDICINE ,6
August,2015,NAPA,ONCOLOGY ,5
August,2015,NAPA,OPHTHALMOLOGY ,9
August,2015,NAPA,ORTHOPAEDIC SURGERY ,16
August,2015,NAPA,OTHER MEDICAL PRACTICE ,10
August,2015,NAPA,OTOLARYNGOLOGY ,7
August,2015,NAPA,PAIN MEDICINE ,1
August,2015,NAPA,PATHOLOGY ,6
August,2015,NAPA,PEDIATRICS ,27
August,2015,NAPA,PHYSICAL MEDICINE & REHABILITATION ,4
August,2015,NAPA,PLASTIC SURGERY ,6
August,2015,NAPA,PSYCHIATRY ,79
August,2015,NAPA,PUBLIC HEALTH & GENERAL PREVENTIVE MEDICINE ,3
August,2015,NAPA,PULMONOLOGY ,3
August,2015,NAPA,RADIATION ONCOLOGY ,4
August,2015,NAPA,RADIOLOGY ,12
August,2015,NAPA,RHEUMATOLOGY ,1
August,2015,NAPA,SPINE SURGERY ,1
August,2015,NAPA,SPORTS MEDICINE ,1
August,2015,NAPA,THORACIC SURGERY ,6
August,2015,NAPA,UROLOGY ,6
August,2015,NAPA,VASCULAR SURGERY ,3
August,2015,NEVADA,ANESTHESIOLOGY,13
August,2015,NEVADA,CARDIOLOGY ,8
August,2015,NEVADA,COMPLEMENTARY & ALTERNATIVE MEDICINE ,1
August,2015,NEVADA,DERMATOLOGY ,2
August,2015,NEVADA,EMERGENCY MEDICINE ,27
August,2015,NEVADA,FAMILY PRACTICE ,36
August,2015,NEVADA,GASTROENTEROLOGY,5
August,2015,NEVADA,GENERAL PRACTICE,16
August,2015,NEVADA,GENERAL SURGERY ,8
August,2015,NEVADA,GERIATRICS ,2
August,2015,NEVADA,INFECTIOUS DISEASE ,1
August,2015,NEVADA,INTERNAL MEDICINE ,20
August,2015,NEVADA,NEUROLOGY ,1
August,2015,NEVADA,OBSTETRICS & GYNECOLOGY ,11
August,2015,NEVADA,OCCUPATIONAL MEDICINE ,2
August,2015,NEVADA,ONCOLOGY ,5
August,2015,NEVADA,OPHTHALMOLOGY ,6
August,2015,NEVADA,ORTHOPAEDIC SURGERY ,8
August,2015,NEVADA,OTHER MEDICAL PRACTICE ,8
August,2015,NEVADA,OTOLARYNGOLOGY ,2
August,2015,NEVADA,PATHOLOGY ,2
August,2015,NEVADA,PEDIATRICS ,9
August,2015,NEVADA,PHYSICAL MEDICINE & REHABILITATION ,3
August,2015,NEVADA,PLASTIC SURGERY ,3
August,2015,NEVADA,PSYCHIATRY ,13
August,2015,NEVADA,PUBLIC HEALTH & GENERAL PREVENTIVE MEDICINE ,2
August,2015,NEVADA,RADIATION ONCOLOGY ,2
August,2015,NEVADA,RADIOLOGY ,10
August,2015,NEVADA,UROLOGY ,2
August,2015,ORANGE,AEROSPACE MEDICINE ,6
August,2015,ORANGE,ALLERGY & IMMUNOLOGY,59
August,2015,ORANGE,ANESTHESIOLOGY,607
August,2015,ORANGE,CARDIOLOGY ,255
August,2015,ORANGE,COMPLEMENTARY & ALTERNATIVE MEDICINE ,8
August,2015,ORANGE,COSMETIC SURGERY ,28
August,2015,ORANGE,CRITICAL CARE ,63
August,2015,ORANGE,DERMATOLOGY ,186
August,2015,ORANGE,EMERGENCY MEDICINE ,290
August,2015,ORANGE,ENDOCRINOLOGY ,82
August,2015,ORANGE,"FACIAL, PLASTIC & RECONSTRUCTIVE ",34
August,2015,ORANGE,FAMILY PRACTICE ,908
August,2015,ORANGE,GASTROENTEROLOGY,163
August,2015,ORANGE,GENERAL PRACTICE,243
August,2015,ORANGE,GENERAL SURGERY ,198
August,2015,ORANGE,GERIATRICS ,32
August,2015,ORANGE,HEMATOLOGY,40
August,2015,ORANGE,INFECTIOUS DISEASE ,75
August,2015,ORANGE,INTERNAL MEDICINE ,1162
August,2015,ORANGE,MEDICAL GENETICS ,16
August,2015,ORANGE,NEONATAL-PERINATAL MED. ,83
August,2015,ORANGE,NEPHROLOGY ,72
August,2015,ORANGE,NEUROLOGICAL SURGERY ,63
August,2015,ORANGE,NEUROLOGY ,169
August,2015,ORANGE,NUCLEAR MEDICINE ,11
August,2015,ORANGE,OBSTETRICS & GYNECOLOGY ,456
August,2015,ORANGE,OCCUPATIONAL MEDICINE ,51
August,2015,ORANGE,ONCOLOGY ,121
August,2015,ORANGE,OPHTHALMOLOGY ,241
August,2015,ORANGE,ORTHOPAEDIC SURGERY ,293
August,2015,ORANGE,OTHER MEDICAL PRACTICE ,150
August,2015,ORANGE,OTOLARYNGOLOGY ,95
August,2015,ORANGE,PAIN MEDICINE ,59
August,2015,ORANGE,PATHOLOGY ,186
August,2015,ORANGE,PEDIATRICS ,706
August,2015,ORANGE,PHYSICAL MEDICINE & REHABILITATION ,85
August,2015,ORANGE,PLASTIC SURGERY ,138
August,2015,ORANGE,PSYCHIATRY ,435
August,2015,ORANGE,PUBLIC HEALTH & GENERAL PREVENTIVE MEDICINE ,21
August,2015,ORANGE,PULMONOLOGY ,91
August,2015,ORANGE,RADIATION ONCOLOGY ,41
August,2015,ORANGE,RADIOLOGY ,385
August,2015,ORANGE,RHEUMATOLOGY ,59
August,2015,ORANGE,SLEEP MEDICINE ,16
August,2015,ORANGE,SPINE SURGERY ,18
August,2015,ORANGE,SPORTS MEDICINE ,12
August,2015,ORANGE,SURGICAL ONCOLOGY ,14
August,2015,ORANGE,THORACIC SURGERY ,43
August,2015,ORANGE,UROLOGY ,109
August,2015,ORANGE,VASCULAR SURGERY ,42
August,2015,PLACER,AEROSPACE MEDICINE ,2
August,2015,PLACER,ALLERGY & IMMUNOLOGY,9
August,2015,PLACER,ANESTHESIOLOGY,23
August,2015,PLACER,CARDIOLOGY ,20
August,2015,PLACER,COMPLEMENTARY & ALTERNATIVE MEDICINE ,1
August,2015,PLACER,COSMETIC SURGERY ,1
August,2015,PLACER,CRITICAL CARE ,8
August,2015,PLACER,DERMATOLOGY ,19
August,2015,PLACER,EMERGENCY MEDICINE ,78
August,2015,PLACER,ENDOCRINOLOGY ,7
August,2015,PLACER,"FACIAL, PLASTIC & RECONSTRUCTIVE ",1
August,2015,PLACER,FAMILY PRACTICE ,129
August,2015,PLACER,GASTROENTEROLOGY,18
August,2015,PLACER,GENERAL PRACTICE,19
August,2015,PLACER,GENERAL SURGERY ,22
August,2015,PLACER,GERIATRICS ,2
August,2015,PLACER,HEMATOLOGY,2
August,2015,PLACER,INFECTIOUS DISEASE ,8
August,2015,PLACER,INTERNAL MEDICINE ,156
August,2015,PLACER,MEDICAL GENETICS ,1
August,2015,PLACER,NEONATAL-PERINATAL MED. ,7
August,2015,PLACER,NEPHROLOGY ,15
August,2015,PLACER,NEUROLOGICAL SURGERY ,6
August,2015,PLACER,NEUROLOGY ,13
August,2015,PLACER,NUCLEAR MEDICINE ,2
August,2015,PLACER,OBSTETRICS & GYNECOLOGY ,49
August,2015,PLACER,OCCUPATIONAL MEDICINE ,10
August,2015,PLACER,ONCOLOGY ,16
August,2015,PLACER,OPHTHALMOLOGY ,13
August,2015,PLACER,ORTHOPAEDIC SURGERY ,36
August,2015,PLACER,OTHER MEDICAL PRACTICE ,25
August,2015,PLACER,OTOLARYNGOLOGY ,14
August,2015,PLACER,PAIN MEDICINE ,2
August,2015,PLACER,PATHOLOGY ,16
August,2015,PLACER,PEDIATRICS ,105
August,2015,PLACER,PHYSICAL MEDICINE & REHABILITATION ,13
August,2015,PLACER,PLASTIC SURGERY ,4
August,2015,PLACER,PSYCHIATRY ,51
August,2015,PLACER,PUBLIC HEALTH & GENERAL PREVENTIVE MEDICINE ,6
August,2015,PLACER,PULMONOLOGY ,11
August,2015,PLACER,RADIATION ONCOLOGY ,9
August,2015,PLACER,RADIOLOGY ,27
August,2015,PLACER,RHEUMATOLOGY ,5
August,2015,PLACER,SLEEP MEDICINE ,3
August,2015,PLACER,SPINE SURGERY ,7
August,2015,PLACER,SPORTS MEDICINE ,4
August,2015,PLACER,SURGICAL ONCOLOGY ,3
August,2015,PLACER,THORACIC SURGERY ,4
August,2015,PLACER,UROLOGY ,15
August,2015,PLACER,VASCULAR SURGERY ,2
August,2015,PLUMAS,ANESTHESIOLOGY,1
August,2015,PLUMAS,COMPLEMENTARY & ALTERNATIVE MEDICINE ,1
August,2015,PLUMAS,EMERGENCY MEDICINE ,3
August,2015,PLUMAS,FAMILY PRACTICE ,6
August,2015,PLUMAS,GENERAL SURGERY ,1
August,2015,PLUMAS,GERIATRICS ,1
August,2015,PLUMAS,INTERNAL MEDICINE ,3
August,2015,RIVERSIDE,AEROSPACE MEDICINE ,3
August,2015,RIVERSIDE,ALLERGY & IMMUNOLOGY,15
August,2015,RIVERSIDE,ANESTHESIOLOGY,122
August,2015,RIVERSIDE,CARDIOLOGY ,92
August,2015,RIVERSIDE,COMPLEMENTARY & ALTERNATIVE MEDICINE ,5
August,2015,RIVERSIDE,COSMETIC SURGERY ,8
August,2015,RIVERSIDE,CRITICAL CARE ,8
August,2015,RIVERSIDE,DERMATOLOGY ,33
August,2015,RIVERSIDE,EMERGENCY MEDICINE ,126
August,2015,RIVERSIDE,ENDOCRINOLOGY ,20
August,2015,RIVERSIDE,"FACIAL, PLASTIC & RECONSTRUCTIVE ",6
August,2015,RIVERSIDE,FAMILY PRACTICE ,396
August,2015,RIVERSIDE,GASTROENTEROLOGY,47
August,2015,RIVERSIDE,GENERAL PRACTICE,77
August,2015,RIVERSIDE,GENERAL SURGERY ,89
August,2015,RIVERSIDE,GERIATRICS ,9
August,2015,RIVERSIDE,HEMATOLOGY,6
August,2015,RIVERSIDE,INFECTIOUS DISEASE ,19
August,2015,RIVERSIDE,INTERNAL MEDICINE ,425
August,2015,RIVERSIDE,MEDICAL GENETICS ,2
August,2015,RIVERSIDE,NEONATAL-PERINATAL MED. ,12
August,2015,RIVERSIDE,NEPHROLOGY ,34
August,2015,RIVERSIDE,NEUROLOGICAL SURGERY ,16
August,2015,RIVERSIDE,NEUROLOGY ,41
August,2015,RIVERSIDE,NUCLEAR MEDICINE ,6
August,2015,RIVERSIDE,OBSTETRICS & GYNECOLOGY ,141
August,2015,RIVERSIDE,OCCUPATIONAL MEDICINE ,11
August,2015,RIVERSIDE,ONCOLOGY ,30
August,2015,RIVERSIDE,OPHTHALMOLOGY ,77
August,2015,RIVERSIDE,ORTHOPAEDIC SURGERY ,90
August,2015,RIVERSIDE,OTHER MEDICAL PRACTICE ,47
August,2015,RIVERSIDE,OTOLARYNGOLOGY ,35
August,2015,RIVERSIDE,PAIN MEDICINE ,22
August,2015,RIVERSIDE,PATHOLOGY ,43
August,2015,RIVERSIDE,PEDIATRICS ,176
August,2015,RIVERSIDE,PHYSICAL MEDICINE & REHABILITATION ,19
August,2015,RIVERSIDE,PLASTIC SURGERY ,25
August,2015,RIVERSIDE,PSYCHIATRY ,149
August,2015,RIVERSIDE,PUBLIC HEALTH & GENERAL PREVENTIVE MEDICINE ,10
August,2015,RIVERSIDE,PULMONOLOGY ,31
August,2015,RIVERSIDE,RADIATION ONCOLOGY ,17
August,2015,RIVERSIDE,RADIOLOGY ,109
August,2015,RIVERSIDE,RHEUMATOLOGY ,14
August,2015,RIVERSIDE,SLEEP MEDICINE ,4
August,2015,RIVERSIDE,SPINE SURGERY ,5
August,2015,RIVERSIDE,SPORTS MEDICINE ,5
August,2015,RIVERSIDE,SURGICAL ONCOLOGY ,8
August,2015,RIVERSIDE,THORACIC SURGERY ,14
August,2015,RIVERSIDE,UROLOGY ,35
August,2015,RIVERSIDE,VASCULAR SURGERY ,15
August,2015,SACRAMENTO,AEROSPACE MEDICINE ,4
August,2015,SACRAMENTO,ALLERGY & IMMUNOLOGY,17
August,2015,SACRAMENTO,ANESTHESIOLOGY,245
August,2015,SACRAMENTO,CARDIOLOGY ,107
August,2015,SACRAMENTO,COMPLEMENTARY & ALTERNATIVE MEDICINE ,4
August,2015,SACRAMENTO,COSMETIC SURGERY ,6
August,2015,SACRAMENTO,CRITICAL CARE ,39
August,2015,SACRAMENTO,DERMATOLOGY ,59
August,2015,SACRAMENTO,EMERGENCY MEDICINE ,205
August,2015,SACRAMENTO,ENDOCRINOLOGY ,26
August,2015,SACRAMENTO,"FACIAL, PLASTIC & RECONSTRUCTIVE ",9
August,2015,SACRAMENTO,FAMILY PRACTICE ,333
August,2015,SACRAMENTO,GASTROENTEROLOGY,74
August,2015,SACRAMENTO,GENERAL PRACTICE,61
August,2015,SACRAMENTO,GENERAL SURGERY ,112
August,2015,SACRAMENTO,GERIATRICS ,14
August,2015,SACRAMENTO,HEMATOLOGY,11
August,2015,SACRAMENTO,INFECTIOUS DISEASE ,34
August,2015,SACRAMENTO,INTERNAL MEDICINE ,529
August,2015,SACRAMENTO,MEDICAL GENETICS ,8
August,2015,SACRAMENTO,NEONATAL-PERINATAL MED. ,43
August,2015,SACRAMENTO,NEPHROLOGY ,38
August,2015,SACRAMENTO,NEUROLOGICAL SURGERY ,28
August,2015,SACRAMENTO,NEUROLOGY ,68
August,2015,SACRAMENTO,NUCLEAR MEDICINE ,18
August,2015,SACRAMENTO,OBSTETRICS & GYNECOLOGY ,191
August,2015,SACRAMENTO,OCCUPATIONAL MEDICINE ,29
August,2015,SACRAMENTO,ONCOLOGY ,51
August,2015,SACRAMENTO,OPHTHALMOLOGY ,109
August,2015,SACRAMENTO,ORTHOPAEDIC SURGERY ,126
August,2015,SACRAMENTO,OTHER MEDICAL PRACTICE ,79
August,2015,SACRAMENTO,OTOLARYNGOLOGY ,50
August,2015,SACRAMENTO,PAIN MEDICINE ,25
August,2015,SACRAMENTO,PATHOLOGY ,87
August,2015,SACRAMENTO,PEDIATRICS ,284
August,2015,SACRAMENTO,PHYSICAL MEDICINE & REHABILITATION ,41
August,2015,SACRAMENTO,PLASTIC SURGERY ,41
August,2015,SACRAMENTO,PSYCHIATRY ,272
August,2015,SACRAMENTO,PUBLIC HEALTH & GENERAL PREVENTIVE MEDICINE ,28
August,2015,SACRAMENTO,PULMONOLOGY ,39
August,2015,SACRAMENTO,RADIATION ONCOLOGY ,34
August,2015,SACRAMENTO,RADIOLOGY ,204
August,2015,SACRAMENTO,RHEUMATOLOGY ,21
August,2015,SACRAMENTO,SLEEP MEDICINE ,6
August,2015,SACRAMENTO,SPINE SURGERY ,11
August,2015,SACRAMENTO,SPORTS MEDICINE ,9
August,2015,SACRAMENTO,SURGICAL ONCOLOGY ,9
August,2015,SACRAMENTO,THORACIC SURGERY ,29
August,2015,SACRAMENTO,UROLOGY ,52
August,2015,SACRAMENTO,VASCULAR SURGERY ,20
August,2015,SAN BENITO,ANESTHESIOLOGY,4
August,2015,SAN BENITO,EMERGENCY MEDICINE ,1
August,2015,SAN BENITO,FAMILY PRACTICE ,8
August,2015,SAN BENITO,GENERAL SURGERY ,4
August,2015,SAN BENITO,INTERNAL MEDICINE ,4
August,2015,SAN BENITO,OBSTETRICS & GYNECOLOGY ,4
August,2015,SAN BENITO,OCCUPATIONAL MEDICINE ,1
August,2015,SAN BENITO,ORTHOPAEDIC SURGERY ,1
August,2015,SAN BENITO,OTHER MEDICAL PRACTICE ,1
August,2015,SAN BENITO,PAIN MEDICINE ,1
August,2015,SAN BENITO,PEDIATRICS ,4
August,2015,SAN BENITO,PSYCHIATRY ,3
August,2015,SAN BENITO,PUBLIC HEALTH & GENERAL PREVENTIVE MEDICINE ,1
August,2015,SAN BENITO,PULMONOLOGY ,1
August,2015,SAN BENITO,RADIOLOGY ,1
August,2015,SAN BENITO,RHEUMATOLOGY ,1
August,2015,SAN BERNARDINO,ALLERGY & IMMUNOLOGY,13
August,2015,SAN BERNARDINO,ANESTHESIOLOGY,196
August,2015,SAN BERNARDINO,CARDIOLOGY ,91
August,2015,SAN BERNARDINO,COMPLEMENTARY & ALTERNATIVE MEDICINE ,1
August,2015,SAN BERNARDINO,COSMETIC SURGERY ,5
August,2015,SAN BERNARDINO,CRITICAL CARE ,20
August,2015,SAN BERNARDINO,DERMATOLOGY ,40
August,2015,SAN BERNARDINO,EMERGENCY MEDICINE ,140
August,2015,SAN BERNARDINO,ENDOCRINOLOGY ,19
August,2015,SAN BERNARDINO,"FACIAL, PLASTIC & RECONSTRUCTIVE ",4
August,2015,SAN BERNARDINO,FAMILY PRACTICE ,415
August,2015,SAN BERNARDINO,GASTROENTEROLOGY,52
August,2015,SAN BERNARDINO,GENERAL PRACTICE,82
August,2015,SAN BERNARDINO,GENERAL SURGERY ,103
August,2015,SAN BERNARDINO,GERIATRICS ,17
August,2015,SAN BERNARDINO,HEMATOLOGY,7
August,2015,SAN BERNARDINO,INFECTIOUS DISEASE ,18
August,2015,SAN BERNARDINO,INTERNAL MEDICINE ,429
August,2015,SAN BERNARDINO,MEDICAL GENETICS ,3
August,2015,SAN BERNARDINO,NEONATAL-PERINATAL MED. ,32
August,2015,SAN BERNARDINO,NEPHROLOGY ,49
August,2015,SAN BERNARDINO,NEUROLOGICAL SURGERY ,18
August,2015,SAN BERNARDINO,NEUROLOGY ,50
August,2015,SAN BERNARDINO,NUCLEAR MEDICINE ,4
August,2015,SAN BERNARDINO,OBSTETRICS & GYNECOLOGY ,153
August,2015,SAN BERNARDINO,OCCUPATIONAL MEDICINE ,32
August,2015,SAN BERNARDINO,ONCOLOGY ,29
August,2015,SAN BERNARDINO,OPHTHALMOLOGY ,82
August,2015,SAN BERNARDINO,ORTHOPAEDIC SURGERY ,107
August,2015,SAN BERNARDINO,OTHER MEDICAL PRACTICE ,58
August,2015,SAN BERNARDINO,OTOLARYNGOLOGY ,54
August,2015,SAN BERNARDINO,PAIN MEDICINE ,14
August,2015,SAN BERNARDINO,PATHOLOGY ,57
August,2015,SAN BERNARDINO,PEDIATRICS ,311
August,2015,SAN BERNARDINO,PHYSICAL MEDICINE & REHABILITATION ,39
August,2015,SAN BERNARDINO,PLASTIC SURGERY ,29
August,2015,SAN BERNARDINO,PSYCHIATRY ,199
August,2015,SAN BERNARDINO,PUBLIC HEALTH & GENERAL PREVENTIVE MEDICINE ,34
August,2015,SAN BERNARDINO,PULMONOLOGY ,39
August,2015,SAN BERNARDINO,RADIATION ONCOLOGY ,27
August,2015,SAN BERNARDINO,RADIOLOGY ,148
August,2015,SAN BERNARDINO,RHEUMATOLOGY ,19
August,2015,SAN BERNARDINO,SLEEP MEDICINE ,4
August,2015,SAN BERNARDINO,SPINE SURGERY ,4
August,2015,SAN BERNARDINO,SPORTS MEDICINE ,2
August,2015,SAN BERNARDINO,SURGICAL ONCOLOGY ,5
August,2015,SAN BERNARDINO,THORACIC SURGERY ,17
August,2015,SAN BERNARDINO,UROLOGY ,46
August,2015,SAN BERNARDINO,VASCULAR SURGERY ,19
August,2015,SAN DIEGO,AEROSPACE MEDICINE ,18
August,2015,SAN DIEGO,ALLERGY & IMMUNOLOGY,70
August,2015,SAN DIEGO,ANESTHESIOLOGY,524
August,2015,SAN DIEGO,CARDIOLOGY ,275
August,2015,SAN DIEGO,COMPLEMENTARY & ALTERNATIVE MEDICINE ,16
August,2015,SAN DIEGO,COSMETIC SURGERY ,19
August,2015,SAN DIEGO,CRITICAL CARE ,62
August,2015,SAN DIEGO,DERMATOLOGY ,220
August,2015,SAN DIEGO,EMERGENCY MEDICINE ,440
August,2015,SAN DIEGO,ENDOCRINOLOGY ,82
August,2015,SAN DIEGO,"FACIAL, PLASTIC & RECONSTRUCTIVE ",16
August,2015,SAN DIEGO,FAMILY PRACTICE ,837
August,2015,SAN DIEGO,GASTROENTEROLOGY,170
August,2015,SAN DIEGO,GENERAL PRACTICE,188
August,2015,SAN DIEGO,GENERAL SURGERY ,213
August,2015,SAN DIEGO,GERIATRICS ,33
August,2015,SAN DIEGO,HEMATOLOGY,37
August,2015,SAN DIEGO,INFECTIOUS DISEASE ,89
August,2015,SAN DIEGO,INTERNAL MEDICINE ,1174
August,2015,SAN DIEGO,MEDICAL GENETICS ,13
August,2015,SAN DIEGO,NEONATAL-PERINATAL MED. ,61
August,2015,SAN DIEGO,NEPHROLOGY ,85
August,2015,SAN DIEGO,NEUROLOGICAL SURGERY ,66
August,2015,SAN DIEGO,NEUROLOGY ,162
August,2015,SAN DIEGO,NUCLEAR MEDICINE ,20
August,2015,SAN DIEGO,OBSTETRICS & GYNECOLOGY ,395
August,2015,SAN DIEGO,OCCUPATIONAL MEDICINE ,52
August,2015,SAN DIEGO,ONCOLOGY ,144
August,2015,SAN DIEGO,OPHTHALMOLOGY ,240
August,2015,SAN DIEGO,ORTHOPAEDIC SURGERY ,310
August,2015,SAN DIEGO,OTHER MEDICAL PRACTICE ,193
August,2015,SAN DIEGO,OTOLARYNGOLOGY ,104
August,2015,SAN DIEGO,PAIN MEDICINE ,51
August,2015,SAN DIEGO,PATHOLOGY ,230
August,2015,SAN DIEGO,PEDIATRICS ,666
August,2015,SAN DIEGO,PHYSICAL MEDICINE & REHABILITATION ,54
August,2015,SAN DIEGO,PLASTIC SURGERY ,95
August,2015,SAN DIEGO,PSYCHIATRY ,597
August,2015,SAN DIEGO,PUBLIC HEALTH & GENERAL PREVENTIVE MEDICINE ,55
August,2015,SAN DIEGO,PULMONOLOGY ,114
August,2015,SAN DIEGO,RADIATION ONCOLOGY ,48
August,2015,SAN DIEGO,RADIOLOGY ,413
August,2015,SAN DIEGO,RHEUMATOLOGY ,81
August,2015,SAN DIEGO,SLEEP MEDICINE ,16
August,2015,SAN DIEGO,SPINE SURGERY ,24
August,2015,SAN DIEGO,SPORTS MEDICINE ,16
August,2015,SAN DIEGO,SURGICAL ONCOLOGY ,14
August,2015,SAN DIEGO,THORACIC SURGERY ,48
August,2015,SAN DIEGO,UROLOGY ,116
August,2015,SAN DIEGO,VASCULAR SURGERY ,30
August,2015,SAN FRANCISCO,ALLERGY & IMMUNOLOGY,24
August,2015,SAN FRANCISCO,ANESTHESIOLOGY,271
August,2015,SAN FRANCISCO,CARDIOLOGY ,153
August,2015,SAN FRANCISCO,COMPLEMENTARY & ALTERNATIVE MEDICINE ,14
August,2015,SAN FRANCISCO,COSMETIC SURGERY ,7
August,2015,SAN FRANCISCO,CRITICAL CARE ,57
August,2015,SAN FRANCISCO,DERMATOLOGY ,107
August,2015,SAN FRANCISCO,EMERGENCY MEDICINE ,189
August,2015,SAN FRANCISCO,ENDOCRINOLOGY ,54
August,2015,SAN FRANCISCO,"FACIAL, PLASTIC & RECONSTRUCTIVE ",12
August,2015,SAN FRANCISCO,FAMILY PRACTICE ,245
August,2015,SAN FRANCISCO,GASTROENTEROLOGY,83
August,2015,SAN FRANCISCO,GENERAL PRACTICE,68
August,2015,SAN FRANCISCO,GENERAL SURGERY ,101
August,2015,SAN FRANCISCO,GERIATRICS ,42
August,2015,SAN FRANCISCO,HEMATOLOGY,30
August,2015,SAN FRANCISCO,INFECTIOUS DISEASE ,89
August,2015,SAN FRANCISCO,INTERNAL MEDICINE ,829
August,2015,SAN FRANCISCO,MEDICAL GENETICS ,11
August,2015,SAN FRANCISCO,NEONATAL-PERINATAL MED. ,31
August,2015,SAN FRANCISCO,NEPHROLOGY ,56
August,2015,SAN FRANCISCO,NEUROLOGICAL SURGERY ,39
August,2015,SAN FRANCISCO,NEUROLOGY ,173
August,2015,SAN FRANCISCO,NUCLEAR MEDICINE ,12
August,2015,SAN FRANCISCO,OBSTETRICS & GYNECOLOGY ,222
August,2015,SAN FRANCISCO,OCCUPATIONAL MEDICINE ,27
August,2015,SAN FRANCISCO,ONCOLOGY ,90
August,2015,SAN FRANCISCO,OPHTHALMOLOGY ,127
August,2015,SAN FRANCISCO,ORTHOPAEDIC SURGERY ,121
August,2015,SAN FRANCISCO,OTHER MEDICAL PRACTICE ,74
August,2015,SAN FRANCISCO,OTOLARYNGOLOGY ,58
August,2015,SAN FRANCISCO,PAIN MEDICINE ,15
August,2015,SAN FRANCISCO,PATHOLOGY ,125
August,2015,SAN FRANCISCO,PEDIATRICS ,386
August,2015,SAN FRANCISCO,PHYSICAL MEDICINE & REHABILITATION ,31
August,2015,SAN FRANCISCO,PLASTIC SURGERY ,80
August,2015,SAN FRANCISCO,PSYCHIATRY ,534
August,2015,SAN FRANCISCO,PUBLIC HEALTH & GENERAL PREVENTIVE MEDICINE ,25
August,2015,SAN FRANCISCO,PULMONOLOGY ,78
August,2015,SAN FRANCISCO,RADIATION ONCOLOGY ,43
August,2015,SAN FRANCISCO,RADIOLOGY ,195
August,2015,SAN FRANCISCO,RHEUMATOLOGY ,39
August,2015,SAN FRANCISCO,SLEEP MEDICINE ,5
August,2015,SAN FRANCISCO,SPINE SURGERY ,6
August,2015,SAN FRANCISCO,SPORTS MEDICINE ,8
August,2015,SAN FRANCISCO,SURGICAL ONCOLOGY ,10
August,2015,SAN FRANCISCO,THORACIC SURGERY ,22
August,2015,SAN FRANCISCO,UROLOGY ,51
August,2015,SAN FRANCISCO,VASCULAR SURGERY ,25
August,2015,SAN JOAQUIN,AEROSPACE MEDICINE ,1
August,2015,SAN JOAQUIN,ALLERGY & IMMUNOLOGY,7
August,2015,SAN JOAQUIN,ANESTHESIOLOGY,55
August,2015,SAN JOAQUIN,CARDIOLOGY ,32
August,2015,SAN JOAQUIN,COSMETIC SURGERY ,1
August,2015,SAN JOAQUIN,CRITICAL CARE ,6
August,2015,SAN JOAQUIN,DERMATOLOGY ,16
August,2015,SAN JOAQUIN,EMERGENCY MEDICINE ,26
August,2015,SAN JOAQUIN,ENDOCRINOLOGY ,5
August,2015,SAN JOAQUIN,FAMILY PRACTICE ,141
August,2015,SAN JOAQUIN,GASTROENTEROLOGY,14
August,2015,SAN JOAQUIN,GENERAL PRACTICE,20
August,2015,SAN JOAQUIN,GENERAL SURGERY ,39
August,2015,SAN JOAQUIN,GERIATRICS ,4
August,2015,SAN JOAQUIN,INFECTIOUS DISEASE ,5
August,2015,SAN JOAQUIN,INTERNAL MEDICINE ,139
August,2015,SAN JOAQUIN,MEDICAL GENETICS ,1
August,2015,SAN JOAQUIN,NEONATAL-PERINATAL MED. ,4
August,2015,SAN JOAQUIN,NEPHROLOGY ,12
August,2015,SAN JOAQUIN,NEUROLOGICAL SURGERY ,1
August,2015,SAN JOAQUIN,NEUROLOGY ,14
August,2015,SAN JOAQUIN,NUCLEAR MEDICINE ,2
August,2015,SAN JOAQUIN,OBSTETRICS & GYNECOLOGY ,55
August,2015,SAN JOAQUIN,OCCUPATIONAL MEDICINE ,14
August,2015,SAN JOAQUIN,ONCOLOGY ,8
August,2015,SAN JOAQUIN,OPHTHALMOLOGY ,23
August,2015,SAN JOAQUIN,ORTHOPAEDIC SURGERY ,32
August,2015,SAN JOAQUIN,OTHER MEDICAL PRACTICE ,19
August,2015,SAN JOAQUIN,OTOLARYNGOLOGY ,13
August,2015,SAN JOAQUIN,PAIN MEDICINE ,6
August,2015,SAN JOAQUIN,PATHOLOGY ,16
August,2015,SAN JOAQUIN,PEDIATRICS ,80
August,2015,SAN JOAQUIN,PHYSICAL MEDICINE & REHABILITATION ,8
August,2015,SAN JOAQUIN,PLASTIC SURGERY ,8
August,2015,SAN JOAQUIN,PSYCHIATRY ,47
August,2015,SAN JOAQUIN,PUBLIC HEALTH & GENERAL PREVENTIVE MEDICINE ,4
August,2015,SAN JOAQUIN,PULMONOLOGY ,9
August,2015,SAN JOAQUIN,RADIATION ONCOLOGY ,7
August,2015,SAN JOAQUIN,RADIOLOGY ,36
August,2015,SAN JOAQUIN,RHEUMATOLOGY ,5
August,2015,SAN JOAQUIN,SLEEP MEDICINE ,2
August,2015,SAN JOAQUIN,SPINE SURGERY ,1
August,2015,SAN JOAQUIN,THORACIC SURGERY ,3
August,2015,SAN JOAQUIN,UROLOGY ,16
August,2015,SAN JOAQUIN,VASCULAR SURGERY ,3
August,2015,SAN LUIS OBISPO,AEROSPACE MEDICINE ,1
August,2015,SAN LUIS OBISPO,ALLERGY & IMMUNOLOGY,7
August,2015,SAN LUIS OBISPO,ANESTHESIOLOGY,35
August,2015,SAN LUIS OBISPO,CARDIOLOGY ,14
August,2015,SAN LUIS OBISPO,COMPLEMENTARY & ALTERNATIVE MEDICINE ,2
August,2015,SAN LUIS OBISPO,CRITICAL CARE ,7
August,2015,SAN LUIS OBISPO,DERMATOLOGY ,17
August,2015,SAN LUIS OBISPO,EMERGENCY MEDICINE ,44
August,2015,SAN LUIS OBISPO,ENDOCRINOLOGY ,3
August,2015,SAN LUIS OBISPO,FAMILY PRACTICE ,84
August,2015,SAN LUIS OBISPO,GASTROENTEROLOGY,8
August,2015,SAN LUIS OBISPO,GENERAL PRACTICE,16
August,2015,SAN LUIS OBISPO,GENERAL SURGERY ,12
August,2015,SAN LUIS OBISPO,HEMATOLOGY,1
August,2015,SAN LUIS OBISPO,INFECTIOUS DISEASE ,4
August,2015,SAN LUIS OBISPO,INTERNAL MEDICINE ,88
August,2015,SAN LUIS OBISPO,NEONATAL-PERINATAL MED. ,6
August,2015,SAN LUIS OBISPO,NEPHROLOGY ,5
August,2015,SAN LUIS OBISPO,NEUROLOGICAL SURGERY ,3
August,2015,SAN LUIS OBISPO,NEUROLOGY ,10
August,2015,SAN LUIS OBISPO,NUCLEAR MEDICINE ,2
August,2015,SAN LUIS OBISPO,OBSTETRICS & GYNECOLOGY ,30
August,2015,SAN LUIS OBISPO,OCCUPATIONAL MEDICINE ,1
August,2015,SAN LUIS OBISPO,ONCOLOGY ,9
August,2015,SAN LUIS OBISPO,OPHTHALMOLOGY ,24
August,2015,SAN LUIS OBISPO,ORTHOPAEDIC SURGERY ,22
August,2015,SAN LUIS OBISPO,OTHER MEDICAL PRACTICE ,11
August,2015,SAN LUIS OBISPO,OTOLARYNGOLOGY ,7
August,2015,SAN LUIS OBISPO,PAIN MEDICINE ,6
August,2015,SAN LUIS OBISPO,PATHOLOGY ,18
August,2015,SAN LUIS OBISPO,PEDIATRICS ,32
August,2015,SAN LUIS OBISPO,PHYSICAL MEDICINE & REHABILITATION ,7
August,2015,SAN LUIS OBISPO,PLASTIC SURGERY ,4
August,2015,SAN LUIS OBISPO,PSYCHIATRY ,90
August,2015,SAN LUIS OBISPO,PUBLIC HEALTH & GENERAL PREVENTIVE MEDICINE ,3
August,2015,SAN LUIS OBISPO,PULMONOLOGY ,3
August,2015,SAN LUIS OBISPO,RADIATION ONCOLOGY ,4
August,2015,SAN LUIS OBISPO,RADIOLOGY ,35
August,2015,SAN LUIS OBISPO,RHEUMATOLOGY ,4
August,2015,SAN LUIS OBISPO,SPINE SURGERY ,3
August,2015,SAN LUIS OBISPO,SPORTS MEDICINE ,1
August,2015,SAN LUIS OBISPO,SURGICAL ONCOLOGY ,1
August,2015,SAN LUIS OBISPO,THORACIC SURGERY ,4
August,2015,SAN LUIS OBISPO,UROLOGY ,6
August,2015,SAN MATEO,ALLERGY & IMMUNOLOGY,19
August,2015,SAN MATEO,ANESTHESIOLOGY,176
August,2015,SAN MATEO,CARDIOLOGY ,74
August,2015,SAN MATEO,COMPLEMENTARY & ALTERNATIVE MEDICINE ,3
August,2015,SAN MATEO,COSMETIC SURGERY ,3
August,2015,SAN MATEO,CRITICAL CARE ,10
August,2015,SAN MATEO,DERMATOLOGY ,73
August,2015,SAN MATEO,EMERGENCY MEDICINE ,100
August,2015,SAN MATEO,ENDOCRINOLOGY ,21
August,2015,SAN MATEO,"FACIAL, PLASTIC & RECONSTRUCTIVE ",4
August,2015,SAN MATEO,FAMILY PRACTICE ,115
August,2015,SAN MATEO,GASTROENTEROLOGY,43
August,2015,SAN MATEO,GENERAL PRACTICE,37
August,2015,SAN MATEO,GENERAL SURGERY ,44
August,2015,SAN MATEO,GERIATRICS ,13
August,2015,SAN MATEO,HEMATOLOGY,23
August,2015,SAN MATEO,INFECTIOUS DISEASE ,32
August,2015,SAN MATEO,INTERNAL MEDICINE ,411
August,2015,SAN MATEO,MEDICAL GENETICS ,4
August,2015,SAN MATEO,NEONATAL-PERINATAL MED. ,9
August,2015,SAN MATEO,NEPHROLOGY ,25
August,2015,SAN MATEO,NEUROLOGICAL SURGERY ,15
August,2015,SAN MATEO,NEUROLOGY ,42
August,2015,SAN MATEO,NUCLEAR MEDICINE ,6
August,2015,SAN MATEO,OBSTETRICS & GYNECOLOGY ,122
August,2015,SAN MATEO,OCCUPATIONAL MEDICINE ,13
August,2015,SAN MATEO,ONCOLOGY ,57
August,2015,SAN MATEO,OPHTHALMOLOGY ,75
August,2015,SAN MATEO,ORTHOPAEDIC SURGERY ,95
August,2015,SAN MATEO,OTHER MEDICAL PRACTICE ,55
August,2015,SAN MATEO,OTOLARYNGOLOGY ,30
August,2015,SAN MATEO,PAIN MEDICINE ,22
August,2015,SAN MATEO,PATHOLOGY ,72
August,2015,SAN MATEO,PEDIATRICS ,201
August,2015,SAN MATEO,PHYSICAL MEDICINE & REHABILITATION ,40
August,2015,SAN MATEO,PLASTIC SURGERY ,18
August,2015,SAN MATEO,PSYCHIATRY ,200
August,2015,SAN MATEO,PUBLIC HEALTH & GENERAL PREVENTIVE MEDICINE ,10
August,2015,SAN MATEO,PULMONOLOGY ,27
August,2015,SAN MATEO,RADIATION ONCOLOGY ,20
August,2015,SAN MATEO,RADIOLOGY ,86
August,2015,SAN MATEO,RHEUMATOLOGY ,18
August,2015,SAN MATEO,SLEEP MEDICINE ,13
August,2015,SAN MATEO,SPINE SURGERY ,5
August,2015,SAN MATEO,SPORTS MEDICINE ,3
August,2015,SAN MATEO,SURGICAL ONCOLOGY ,3
August,2015,SAN MATEO,THORACIC SURGERY ,7
August,2015,SAN MATEO,UROLOGY ,24
August,2015,SAN MATEO,VASCULAR SURGERY ,16
August,2015,SANTA BARBARA,AEROSPACE MEDICINE ,1
August,2015,SANTA BARBARA,ALLERGY & IMMUNOLOGY,6
August,2015,SANTA BARBARA,ANESTHESIOLOGY,66
August,2015,SANTA BARBARA,CARDIOLOGY ,37
August,2015,SANTA BARBARA,COMPLEMENTARY & ALTERNATIVE MEDICINE ,2
August,2015,SANTA BARBARA,COSMETIC SURGERY ,1
August,2015,SANTA BARBARA,CRITICAL CARE ,3
August,2015,SANTA BARBARA,DERMATOLOGY ,21
August,2015,SANTA BARBARA,EMERGENCY MEDICINE ,62
August,2015,SANTA BARBARA,ENDOCRINOLOGY ,9
August,2015,SANTA BARBARA,"FACIAL, PLASTIC & RECONSTRUCTIVE ",3
August,2015,SANTA BARBARA,FAMILY PRACTICE ,115
August,2015,SANTA BARBARA,GASTROENTEROLOGY,16
August,2015,SANTA BARBARA,GENERAL PRACTICE,24
August,2015,SANTA BARBARA,GENERAL SURGERY ,38
August,2015,SANTA BARBARA,GERIATRICS ,3
August,2015,SANTA BARBARA,HEMATOLOGY,4
August,2015,SANTA BARBARA,INFECTIOUS DISEASE ,5
August,2015,SANTA BARBARA,INTERNAL MEDICINE ,153
August,2015,SANTA BARBARA,MEDICAL GENETICS ,1
August,2015,SANTA BARBARA,NEONATAL-PERINATAL MED. ,5
August,2015,SANTA BARBARA,NEPHROLOGY ,8
August,2015,SANTA BARBARA,NEUROLOGICAL SURGERY ,7
August,2015,SANTA BARBARA,NEUROLOGY ,18
August,2015,SANTA BARBARA,NUCLEAR MEDICINE ,2
August,2015,SANTA BARBARA,OBSTETRICS & GYNECOLOGY ,44
August,2015,SANTA BARBARA,OCCUPATIONAL MEDICINE ,9
August,2015,SANTA BARBARA,ONCOLOGY ,17
August,2015,SANTA BARBARA,OPHTHALMOLOGY ,33
August,2015,SANTA BARBARA,ORTHOPAEDIC SURGERY ,40
August,2015,SANTA BARBARA,OTHER MEDICAL PRACTICE ,23
August,2015,SANTA BARBARA,OTOLARYNGOLOGY ,12
August,2015,SANTA BARBARA,PAIN MEDICINE ,7
August,2015,SANTA BARBARA,PATHOLOGY ,15
August,2015,SANTA BARBARA,PEDIATRICS ,75
August,2015,SANTA BARBARA,PHYSICAL MEDICINE & REHABILITATION ,10
August,2015,SANTA BARBARA,PLASTIC SURGERY ,14
August,2015,SANTA BARBARA,PSYCHIATRY ,71
August,2015,SANTA BARBARA,PUBLIC HEALTH & GENERAL PREVENTIVE MEDICINE ,4
August,2015,SANTA BARBARA,PULMONOLOGY ,9
August,2015,SANTA BARBARA,RADIATION ONCOLOGY ,9
August,2015,SANTA BARBARA,RADIOLOGY ,58
August,2015,SANTA BARBARA,RHEUMATOLOGY ,9
August,2015,SANTA BARBARA,SLEEP MEDICINE ,2
August,2015,SANTA BARBARA,SPINE SURGERY ,5
August,2015,SANTA BARBARA,SPORTS MEDICINE ,2
August,2015,SANTA BARBARA,SURGICAL ONCOLOGY ,2
August,2015,SANTA BARBARA,THORACIC SURGERY ,5
August,2015,SANTA BARBARA,UROLOGY ,12
August,2015,SANTA BARBARA,VASCULAR SURGERY ,2
August,2015,SANTA CLARA,AEROSPACE MEDICINE ,1
August,2015,SANTA CLARA,ALLERGY & IMMUNOLOGY,43
August,2015,SANTA CLARA,ANESTHESIOLOGY,382
August,2015,SANTA CLARA,CARDIOLOGY ,214
August,2015,SANTA CLARA,COMPLEMENTARY & ALTERNATIVE MEDICINE ,10
August,2015,SANTA CLARA,COSMETIC SURGERY ,5
August,2015,SANTA CLARA,CRITICAL CARE ,51
August,2015,SANTA CLARA,DERMATOLOGY ,125
August,2015,SANTA CLARA,EMERGENCY MEDICINE ,225
August,2015,SANTA CLARA,ENDOCRINOLOGY ,56
August,2015,SANTA CLARA,"FACIAL, PLASTIC & RECONSTRUCTIVE ",17
August,2015,SANTA CLARA,FAMILY PRACTICE ,411
August,2015,SANTA CLARA,GASTROENTEROLOGY,130
August,2015,SANTA CLARA,GENERAL PRACTICE,85
August,2015,SANTA CLARA,GENERAL SURGERY ,159
August,2015,SANTA CLARA,GERIATRICS ,37
August,2015,SANTA CLARA,HEMATOLOGY,50
August,2015,SANTA CLARA,INFECTIOUS DISEASE ,73
August,2015,SANTA CLARA,INTERNAL MEDICINE ,1099
August,2015,SANTA CLARA,MEDICAL GENETICS ,15
August,2015,SANTA CLARA,NEONATAL-PERINATAL MED. ,56
August,2015,SANTA CLARA,NEPHROLOGY ,68
August,2015,SANTA CLARA,NEUROLOGICAL SURGERY ,49
August,2015,SANTA CLARA,NEUROLOGY ,152
August,2015,SANTA CLARA,NUCLEAR MEDICINE ,20
August,2015,SANTA CLARA,OBSTETRICS & GYNECOLOGY ,357
August,2015,SANTA CLARA,OCCUPATIONAL MEDICINE ,34
August,2015,SANTA CLARA,ONCOLOGY ,105
August,2015,SANTA CLARA,OPHTHALMOLOGY ,152
August,2015,SANTA CLARA,ORTHOPAEDIC SURGERY ,126
August,2015,SANTA CLARA,OTHER MEDICAL PRACTICE ,96
August,2015,SANTA CLARA,OTOLARYNGOLOGY ,100
August,2015,SANTA CLARA,PAIN MEDICINE ,23
August,2015,SANTA CLARA,PATHOLOGY ,158
August,2015,SANTA CLARA,PEDIATRICS ,715
August,2015,SANTA CLARA,PHYSICAL MEDICINE & REHABILITATION ,77
August,2015,SANTA CLARA,PLASTIC SURGERY ,88
August,2015,SANTA CLARA,PSYCHIATRY ,439
August,2015,SANTA CLARA,PUBLIC HEALTH & GENERAL PREVENTIVE MEDICINE ,12
August,2015,SANTA CLARA,PULMONOLOGY ,72
August,2015,SANTA CLARA,RADIATION ONCOLOGY ,49
August,2015,SANTA CLARA,RADIOLOGY ,295
August,2015,SANTA CLARA,RHEUMATOLOGY ,52
August,2015,SANTA CLARA,SLEEP MEDICINE ,17
August,2015,SANTA CLARA,SPINE SURGERY ,7
August,2015,SANTA CLARA,SPORTS MEDICINE ,12
August,2015,SANTA CLARA,SURGICAL ONCOLOGY ,12
August,2015,SANTA CLARA,THORACIC SURGERY ,49
August,2015,SANTA CLARA,UROLOGY ,74
August,2015,SANTA CLARA,VASCULAR SURGERY ,31
August,2015,SANTA CRUZ,ALLERGY & IMMUNOLOGY,1
August,2015,SANTA CRUZ,ANESTHESIOLOGY,30
August,2015,SANTA CRUZ,CARDIOLOGY ,9
August,2015,SANTA CRUZ,COMPLEMENTARY & ALTERNATIVE MEDICINE ,2
August,2015,SANTA CRUZ,COSMETIC SURGERY ,1
August,2015,SANTA CRUZ,DERMATOLOGY ,10
August,2015,SANTA CRUZ,EMERGENCY MEDICINE ,36
August,2015,SANTA CRUZ,ENDOCRINOLOGY ,6
August,2015,SANTA CRUZ,"FACIAL, PLASTIC & RECONSTRUCTIVE ",1
August,2015,SANTA CRUZ,FAMILY PRACTICE ,118
August,2015,SANTA CRUZ,GASTROENTEROLOGY,12
August,2015,SANTA CRUZ,GENERAL PRACTICE,20
August,2015,SANTA CRUZ,GENERAL SURGERY ,15
August,2015,SANTA CRUZ,GERIATRICS ,1
August,2015,SANTA CRUZ,HEMATOLOGY,2
August,2015,SANTA CRUZ,INFECTIOUS DISEASE ,3
August,2015,SANTA CRUZ,INTERNAL MEDICINE ,63
August,2015,SANTA CRUZ,NEONATAL-PERINATAL MED. ,2
August,2015,SANTA CRUZ,NEPHROLOGY ,4
August,2015,SANTA CRUZ,NEUROLOGICAL SURGERY ,6
August,2015,SANTA CRUZ,NEUROLOGY ,10
August,2015,SANTA CRUZ,OBSTETRICS & GYNECOLOGY ,32
August,2015,SANTA CRUZ,OCCUPATIONAL MEDICINE ,3
August,2015,SANTA CRUZ,ONCOLOGY ,10
August,2015,SANTA CRUZ,OPHTHALMOLOGY ,13
August,2015,SANTA CRUZ,ORTHOPAEDIC SURGERY ,13
August,2015,SANTA CRUZ,OTHER MEDICAL PRACTICE ,21
August,2015,SANTA CRUZ,OTOLARYNGOLOGY ,7
August,2015,SANTA CRUZ,PAIN MEDICINE ,4
August,2015,SANTA CRUZ,PATHOLOGY ,5
August,2015,SANTA CRUZ,PEDIATRICS ,50
August,2015,SANTA CRUZ,PHYSICAL MEDICINE & REHABILITATION ,11
August,2015,SANTA CRUZ,PLASTIC SURGERY ,7
August,2015,SANTA CRUZ,PSYCHIATRY ,63
August,2015,SANTA CRUZ,PUBLIC HEALTH & GENERAL PREVENTIVE MEDICINE ,6
August,2015,SANTA CRUZ,PULMONOLOGY ,6
August,2015,SANTA CRUZ,RADIATION ONCOLOGY ,4
August,2015,SANTA CRUZ,RADIOLOGY ,36
August,2015,SANTA CRUZ,RHEUMATOLOGY ,6
August,2015,SANTA CRUZ,SLEEP MEDICINE ,2
August,2015,SANTA CRUZ,SPINE SURGERY ,2
August,2015,SANTA CRUZ,SPORTS MEDICINE ,1
August,2015,SANTA CRUZ,THORACIC SURGERY ,1
August,2015,SANTA CRUZ,UROLOGY ,7
August,2015,SHASTA,ANESTHESIOLOGY,27
August,2015,SHASTA,CARDIOLOGY ,10
August,2015,SHASTA,COMPLEMENTARY & ALTERNATIVE MEDICINE ,1
August,2015,SHASTA,CRITICAL CARE ,10
August,2015,SHASTA,DERMATOLOGY ,7
August,2015,SHASTA,EMERGENCY MEDICINE ,28
August,2015,SHASTA,ENDOCRINOLOGY ,1
August,2015,SHASTA,FAMILY PRACTICE ,62
August,2015,SHASTA,GASTROENTEROLOGY,7
August,2015,SHASTA,GENERAL PRACTICE,14
August,2015,SHASTA,GENERAL SURGERY ,9
August,2015,SHASTA,GERIATRICS ,1
August,2015,SHASTA,HEMATOLOGY,2
August,2015,SHASTA,INFECTIOUS DISEASE ,3
August,2015,SHASTA,INTERNAL MEDICINE ,34
August,2015,SHASTA,MEDICAL GENETICS ,1
August,2015,SHASTA,NEONATAL-PERINATAL MED. ,1
August,2015,SHASTA,NEPHROLOGY ,4
August,2015,SHASTA,NEUROLOGICAL SURGERY ,4
August,2015,SHASTA,NEUROLOGY ,5
August,2015,SHASTA,NUCLEAR MEDICINE ,1
August,2015,SHASTA,OBSTETRICS & GYNECOLOGY ,13
August,2015,SHASTA,OCCUPATIONAL MEDICINE ,1
August,2015,SHASTA,ONCOLOGY ,7
August,2015,SHASTA,OPHTHALMOLOGY ,9
August,2015,SHASTA,ORTHOPAEDIC SURGERY ,13
August,2015,SHASTA,OTHER MEDICAL PRACTICE ,9
August,2015,SHASTA,OTOLARYNGOLOGY ,5
August,2015,SHASTA,PAIN MEDICINE ,2
August,2015,SHASTA,PATHOLOGY ,8
August,2015,SHASTA,PEDIATRICS ,12
August,2015,SHASTA,PHYSICAL MEDICINE & REHABILITATION ,2
August,2015,SHASTA,PLASTIC SURGERY ,2
August,2015,SHASTA,PSYCHIATRY ,14
August,2015,SHASTA,PUBLIC HEALTH & GENERAL PREVENTIVE MEDICINE ,1
August,2015,SHASTA,PULMONOLOGY ,2
August,2015,SHASTA,RADIATION ONCOLOGY ,2
August,2015,SHASTA,RADIOLOGY ,24
August,2015,SHASTA,RHEUMATOLOGY ,3
August,2015,SHASTA,SPINE SURGERY ,2
August,2015,SHASTA,SPORTS MEDICINE ,2
August,2015,SHASTA,SURGICAL ONCOLOGY ,3
August,2015,SHASTA,THORACIC SURGERY ,2
August,2015,SHASTA,UROLOGY ,5
August,2015,SHASTA,VASCULAR SURGERY ,3
August,2015,SISKIYOU,ANESTHESIOLOGY,3
August,2015,SISKIYOU,CARDIOLOGY ,1
August,2015,SISKIYOU,COMPLEMENTARY & ALTERNATIVE MEDICINE ,1
August,2015,SISKIYOU,EMERGENCY MEDICINE ,5
August,2015,SISKIYOU,FAMILY PRACTICE ,19
August,2015,SISKIYOU,GENERAL PRACTICE,3
August,2015,SISKIYOU,GENERAL SURGERY ,6
August,2015,SISKIYOU,INTERNAL MEDICINE ,8
August,2015,SISKIYOU,OBSTETRICS & GYNECOLOGY ,2
August,2015,SISKIYOU,ONCOLOGY ,1
August,2015,SISKIYOU,OPHTHALMOLOGY ,2
August,2015,SISKIYOU,ORTHOPAEDIC SURGERY ,4
August,2015,SISKIYOU,OTOLARYNGOLOGY ,1
August,2015,SISKIYOU,PATHOLOGY ,3
August,2015,SISKIYOU,PEDIATRICS ,2
August,2015,SISKIYOU,PSYCHIATRY ,2
August,2015,SISKIYOU,PUBLIC HEALTH & GENERAL PREVENTIVE MEDICINE ,2
August,2015,SISKIYOU,RADIOLOGY ,2
August,2015,SISKIYOU,SPINE SURGERY ,1
August,2015,SISKIYOU,VASCULAR SURGERY ,1
August,2015,SOLANO,ALLERGY & IMMUNOLOGY,3
August,2015,SOLANO,ANESTHESIOLOGY,35
August,2015,SOLANO,CARDIOLOGY ,19
August,2015,SOLANO,COMPLEMENTARY & ALTERNATIVE MEDICINE ,1
August,2015,SOLANO,CRITICAL CARE ,6
August,2015,SOLANO,DERMATOLOGY ,9
August,2015,SOLANO,EMERGENCY MEDICINE ,45
August,2015,SOLANO,ENDOCRINOLOGY ,6
August,2015,SOLANO,"FACIAL, PLASTIC & RECONSTRUCTIVE ",1
August,2015,SOLANO,FAMILY PRACTICE ,122
August,2015,SOLANO,GASTROENTEROLOGY,17
August,2015,SOLANO,GENERAL PRACTICE,20
August,2015,SOLANO,GENERAL SURGERY ,26
August,2015,SOLANO,GERIATRICS ,2
August,2015,SOLANO,HEMATOLOGY,1
August,2015,SOLANO,INFECTIOUS DISEASE ,7
August,2015,SOLANO,INTERNAL MEDICINE ,133
August,2015,SOLANO,NEONATAL-PERINATAL MED. ,3
August,2015,SOLANO,NEPHROLOGY ,9
August,2015,SOLANO,NEUROLOGICAL SURGERY ,2
August,2015,SOLANO,NEUROLOGY ,8
August,2015,SOLANO,NUCLEAR MEDICINE ,3
August,2015,SOLANO,OBSTETRICS & GYNECOLOGY ,38
August,2015,SOLANO,OCCUPATIONAL MEDICINE ,7
August,2015,SOLANO,ONCOLOGY ,17
August,2015,SOLANO,OPHTHALMOLOGY ,19
August,2015,SOLANO,ORTHOPAEDIC SURGERY ,29
August,2015,SOLANO,OTHER MEDICAL PRACTICE ,4
August,2015,SOLANO,OTOLARYNGOLOGY ,9
August,2015,SOLANO,PAIN MEDICINE ,5
August,2015,SOLANO,PATHOLOGY ,14
August,2015,SOLANO,PEDIATRICS ,66
August,2015,SOLANO,PHYSICAL MEDICINE & REHABILITATION ,13
August,2015,SOLANO,PLASTIC SURGERY ,5
August,2015,SOLANO,PSYCHIATRY ,72
August,2015,SOLANO,PUBLIC HEALTH & GENERAL PREVENTIVE MEDICINE ,2
August,2015,SOLANO,PULMONOLOGY ,5
August,2015,SOLANO,RADIATION ONCOLOGY ,3
August,2015,SOLANO,RADIOLOGY ,25
August,2015,SOLANO,RHEUMATOLOGY ,4
August,2015,SOLANO,SLEEP MEDICINE ,1
August,2015,SOLANO,SURGICAL ONCOLOGY ,1
August,2015,SOLANO,THORACIC SURGERY ,3
August,2015,SOLANO,UROLOGY ,9
August,2015,SOLANO,VASCULAR SURGERY ,3
August,2015,SONOMA,ALLERGY & IMMUNOLOGY,5
August,2015,SONOMA,ANESTHESIOLOGY,58
August,2015,SONOMA,CARDIOLOGY ,32
August,2015,SONOMA,COMPLEMENTARY & ALTERNATIVE MEDICINE ,5
August,2015,SONOMA,CRITICAL CARE ,14
August,2015,SONOMA,DERMATOLOGY ,31
August,2015,SONOMA,EMERGENCY MEDICINE ,74
August,2015,SONOMA,ENDOCRINOLOGY ,9
August,2015,SONOMA,"FACIAL, PLASTIC & RECONSTRUCTIVE ",3
August,2015,SONOMA,FAMILY PRACTICE ,257
August,2015,SONOMA,GASTROENTEROLOGY,18
August,2015,SONOMA,GENERAL PRACTICE,26
August,2015,SONOMA,GENERAL SURGERY ,37
August,2015,SONOMA,GERIATRICS ,4
August,2015,SONOMA,HEMATOLOGY,4
August,2015,SONOMA,INFECTIOUS DISEASE ,7
August,2015,SONOMA,INTERNAL MEDICINE ,121
August,2015,SONOMA,NEONATAL-PERINATAL MED. ,3
August,2015,SONOMA,NEPHROLOGY ,9
August,2015,SONOMA,NEUROLOGICAL SURGERY ,5
August,2015,SONOMA,NEUROLOGY ,14
August,2015,SONOMA,OBSTETRICS & GYNECOLOGY ,42
August,2015,SONOMA,OCCUPATIONAL MEDICINE ,11
August,2015,SONOMA,ONCOLOGY ,19
August,2015,SONOMA,OPHTHALMOLOGY ,45
August,2015,SONOMA,ORTHOPAEDIC SURGERY ,39
August,2015,SONOMA,OTHER MEDICAL PRACTICE ,30
August,2015,SONOMA,OTOLARYNGOLOGY ,16
August,2015,SONOMA,PAIN MEDICINE ,10
August,2015,SONOMA,PATHOLOGY ,22
August,2015,SONOMA,PEDIATRICS ,78
August,2015,SONOMA,PHYSICAL MEDICINE & REHABILITATION ,12
August,2015,SONOMA,PLASTIC SURGERY ,12
August,2015,SONOMA,PSYCHIATRY ,98
August,2015,SONOMA,PUBLIC HEALTH & GENERAL PREVENTIVE MEDICINE ,6
August,2015,SONOMA,PULMONOLOGY ,8
August,2015,SONOMA,RADIATION ONCOLOGY ,11
August,2015,SONOMA,RADIOLOGY ,42
August,2015,SONOMA,RHEUMATOLOGY ,7
August,2015,SONOMA,SLEEP MEDICINE ,3
August,2015,SONOMA,SPORTS MEDICINE ,3
August,2015,SONOMA,SURGICAL ONCOLOGY ,1
August,2015,SONOMA,THORACIC SURGERY ,5
August,2015,SONOMA,UROLOGY ,11
August,2015,SONOMA,VASCULAR SURGERY ,5
August,2015,STANISLAUS,ALLERGY & IMMUNOLOGY,2
August,2015,STANISLAUS,ANESTHESIOLOGY,53
August,2015,STANISLAUS,CARDIOLOGY ,31
August,2015,STANISLAUS,COSMETIC SURGERY ,3
August,2015,STANISLAUS,CRITICAL CARE ,1
August,2015,STANISLAUS,DERMATOLOGY ,9
August,2015,STANISLAUS,EMERGENCY MEDICINE ,35
August,2015,STANISLAUS,ENDOCRINOLOGY ,6
August,2015,STANISLAUS,"FACIAL, PLASTIC & RECONSTRUCTIVE ",2
August,2015,STANISLAUS,FAMILY PRACTICE ,147
August,2015,STANISLAUS,GASTROENTEROLOGY,20
August,2015,STANISLAUS,GENERAL PRACTICE,9
August,2015,STANISLAUS,GENERAL SURGERY ,25
August,2015,STANISLAUS,GERIATRICS ,3
August,2015,STANISLAUS,HEMATOLOGY,2
August,2015,STANISLAUS,INFECTIOUS DISEASE ,4
August,2015,STANISLAUS,INTERNAL MEDICINE ,140
August,2015,STANISLAUS,NEONATAL-PERINATAL MED. ,5
August,2015,STANISLAUS,NEPHROLOGY ,16
August,2015,STANISLAUS,NEUROLOGICAL SURGERY ,6
August,2015,STANISLAUS,NEUROLOGY ,11
August,2015,STANISLAUS,NUCLEAR MEDICINE ,1
August,2015,STANISLAUS,OBSTETRICS & GYNECOLOGY ,44
August,2015,STANISLAUS,OCCUPATIONAL MEDICINE ,6
August,2015,STANISLAUS,ONCOLOGY ,9
August,2015,STANISLAUS,OPHTHALMOLOGY ,16
August,2015,STANISLAUS,ORTHOPAEDIC SURGERY ,26
August,2015,STANISLAUS,OTHER MEDICAL PRACTICE ,20
August,2015,STANISLAUS,OTOLARYNGOLOGY ,9
August,2015,STANISLAUS,PAIN MEDICINE ,4
August,2015,STANISLAUS,PATHOLOGY ,16
August,2015,STANISLAUS,PEDIATRICS ,58
August,2015,STANISLAUS,PHYSICAL MEDICINE & REHABILITATION ,5
August,2015,STANISLAUS,PLASTIC SURGERY ,5
August,2015,STANISLAUS,PSYCHIATRY ,23
August,2015,STANISLAUS,PUBLIC HEALTH & GENERAL PREVENTIVE MEDICINE ,1
August,2015,STANISLAUS,PULMONOLOGY ,7
August,2015,STANISLAUS,RADIATION ONCOLOGY ,5
August,2015,STANISLAUS,RADIOLOGY ,49
August,2015,STANISLAUS,RHEUMATOLOGY ,6
August,2015,STANISLAUS,SLEEP MEDICINE ,2
August,2015,STANISLAUS,SPORTS MEDICINE ,3
August,2015,STANISLAUS,THORACIC SURGERY ,8
August,2015,STANISLAUS,UROLOGY ,7
August,2015,STANISLAUS,VASCULAR SURGERY ,2
August,2015,SUTTER,ANESTHESIOLOGY,8
August,2015,SUTTER,CARDIOLOGY ,6
August,2015,SUTTER,CRITICAL CARE ,1
August,2015,SUTTER,DERMATOLOGY ,3
August,2015,SUTTER,EMERGENCY MEDICINE ,3
August,2015,SUTTER,ENDOCRINOLOGY ,2
August,2015,SUTTER,FAMILY PRACTICE ,26
August,2015,SUTTER,GASTROENTEROLOGY,3
August,2015,SUTTER,GENERAL PRACTICE,2
August,2015,SUTTER,GENERAL SURGERY ,5
August,2015,SUTTER,HEMATOLOGY,1
August,2015,SUTTER,INTERNAL MEDICINE ,21
August,2015,SUTTER,NEPHROLOGY ,4
August,2015,SUTTER,NEUROLOGY ,2
August,2015,SUTTER,OBSTETRICS & GYNECOLOGY ,8
August,2015,SUTTER,ONCOLOGY ,1
August,2015,SUTTER,OPHTHALMOLOGY ,4
August,2015,SUTTER,ORTHOPAEDIC SURGERY ,7
August,2015,SUTTER,OTHER MEDICAL PRACTICE ,2
August,2015,SUTTER,OTOLARYNGOLOGY ,3
August,2015,SUTTER,PAIN MEDICINE ,1
August,2015,SUTTER,PATHOLOGY ,3
August,2015,SUTTER,PEDIATRICS ,13
August,2015,SUTTER,PLASTIC SURGERY ,1
August,2015,SUTTER,PSYCHIATRY ,11
August,2015,SUTTER,PUBLIC HEALTH & GENERAL PREVENTIVE MEDICINE ,1
August,2015,SUTTER,PULMONOLOGY ,4
August,2015,SUTTER,RADIOLOGY ,11
August,2015,SUTTER,SLEEP MEDICINE ,1
August,2015,SUTTER,SURGICAL ONCOLOGY ,1
August,2015,SUTTER,UROLOGY ,1
August,2015,TEHAMA,CARDIOLOGY ,1
August,2015,TEHAMA,EMERGENCY MEDICINE ,2
August,2015,TEHAMA,FAMILY PRACTICE ,7
August,2015,TEHAMA,GENERAL PRACTICE,4
August,2015,TEHAMA,GENERAL SURGERY ,3
August,2015,TEHAMA,INTERNAL MEDICINE ,7
August,2015,TEHAMA,OBSTETRICS & GYNECOLOGY ,1
August,2015,TEHAMA,ONCOLOGY ,1
August,2015,TEHAMA,OPHTHALMOLOGY ,2
August,2015,TEHAMA,ORTHOPAEDIC SURGERY ,3
August,2015,TEHAMA,OTOLARYNGOLOGY ,1
August,2015,TEHAMA,PEDIATRICS ,6
August,2015,TEHAMA,RADIATION ONCOLOGY ,1
August,2015,TEHAMA,RADIOLOGY ,3
August,2015,TRINITY,CARDIOLOGY ,2
August,2015,TRINITY,FAMILY PRACTICE ,4
August,2015,TRINITY,GENERAL SURGERY ,1
August,2015,TRINITY,PAIN MEDICINE ,1
August,2015,TULARE,ALLERGY & IMMUNOLOGY,1
August,2015,TULARE,ANESTHESIOLOGY,17
August,2015,TULARE,CARDIOLOGY ,13
August,2015,TULARE,CRITICAL CARE ,3
August,2015,TULARE,DERMATOLOGY ,6
August,2015,TULARE,EMERGENCY MEDICINE ,24
August,2015,TULARE,ENDOCRINOLOGY ,2
August,2015,TULARE,"FACIAL, PLASTIC & RECONSTRUCTIVE ",1
August,2015,TULARE,FAMILY PRACTICE ,64
August,2015,TULARE,GASTROENTEROLOGY,8
August,2015,TULARE,GENERAL PRACTICE,12
August,2015,TULARE,GENERAL SURGERY ,20
August,2015,TULARE,GERIATRICS ,2
August,2015,TULARE,HEMATOLOGY,1
August,2015,TULARE,INFECTIOUS DISEASE ,2
August,2015,TULARE,INTERNAL MEDICINE ,50
August,2015,TULARE,NEONATAL-PERINATAL MED. ,2
August,2015,TULARE,NEPHROLOGY ,6
August,2015,TULARE,NEUROLOGICAL SURGERY ,2
August,2015,TULARE,NEUROLOGY ,7
August,2015,TULARE,OBSTETRICS & GYNECOLOGY ,37
August,2015,TULARE,OCCUPATIONAL MEDICINE ,2
August,2015,TULARE,ONCOLOGY ,6
August,2015,TULARE,OPHTHALMOLOGY ,14
August,2015,TULARE,ORTHOPAEDIC SURGERY ,11
August,2015,TULARE,OTHER MEDICAL PRACTICE ,6
August,2015,TULARE,OTOLARYNGOLOGY ,6
August,2015,TULARE,PAIN MEDICINE ,4
August,2015,TULARE,PATHOLOGY ,11
August,2015,TULARE,PEDIATRICS ,53
August,2015,TULARE,PHYSICAL MEDICINE & REHABILITATION ,4
August,2015,TULARE,PLASTIC SURGERY ,3
August,2015,TULARE,PSYCHIATRY ,23
August,2015,TULARE,PUBLIC HEALTH & GENERAL PREVENTIVE MEDICINE ,1
August,2015,TULARE,PULMONOLOGY ,5
August,2015,TULARE,RADIATION ONCOLOGY ,3
August,2015,TULARE,RADIOLOGY ,23
August,2015,TULARE,RHEUMATOLOGY ,2
August,2015,TULARE,SLEEP MEDICINE ,1
August,2015,TULARE,THORACIC SURGERY ,5
August,2015,TULARE,UROLOGY ,6
August,2015,TULARE,VASCULAR SURGERY ,3
August,2015,TUOLUMNE,ALLERGY & IMMUNOLOGY,1
August,2015,TUOLUMNE,ANESTHESIOLOGY,4
August,2015,TUOLUMNE,CARDIOLOGY ,5
August,2015,TUOLUMNE,DERMATOLOGY ,2
August,2015,TUOLUMNE,EMERGENCY MEDICINE ,9
August,2015,TUOLUMNE,FAMILY PRACTICE ,15
August,2015,TUOLUMNE,GASTROENTEROLOGY,3
August,2015,TUOLUMNE,GENERAL PRACTICE,2
August,2015,TUOLUMNE,GENERAL SURGERY ,4
August,2015,TUOLUMNE,GERIATRICS ,1
August,2015,TUOLUMNE,INFECTIOUS DISEASE ,1
August,2015,TUOLUMNE,INTERNAL MEDICINE ,22
August,2015,TUOLUMNE,OBSTETRICS & GYNECOLOGY ,4
August,2015,TUOLUMNE,ONCOLOGY ,1
August,2015,TUOLUMNE,OPHTHALMOLOGY ,2
August,2015,TUOLUMNE,ORTHOPAEDIC SURGERY ,4
August,2015,TUOLUMNE,OTHER MEDICAL PRACTICE ,1
August,2015,TUOLUMNE,OTOLARYNGOLOGY ,2
August,2015,TUOLUMNE,PATHOLOGY ,2
August,2015,TUOLUMNE,PEDIATRICS ,10
August,2015,TUOLUMNE,PSYCHIATRY ,4
August,2015,TUOLUMNE,PUBLIC HEALTH & GENERAL PREVENTIVE MEDICINE ,1
August,2015,TUOLUMNE,PULMONOLOGY ,1
August,2015,TUOLUMNE,RADIATION ONCOLOGY ,1
August,2015,TUOLUMNE,RADIOLOGY ,3
August,2015,TUOLUMNE,SLEEP MEDICINE ,1
August,2015,TUOLUMNE,SPORTS MEDICINE ,1
August,2015,TUOLUMNE,UROLOGY ,2
August,2015,TUOLUMNE,VASCULAR SURGERY ,1
August,2015,VENTURA,AEROSPACE MEDICINE ,3
August,2015,VENTURA,ALLERGY & IMMUNOLOGY,12
August,2015,VENTURA,ANESTHESIOLOGY,96
August,2015,VENTURA,CARDIOLOGY ,49
August,2015,VENTURA,COMPLEMENTARY & ALTERNATIVE MEDICINE ,3
August,2015,VENTURA,COSMETIC SURGERY ,3
August,2015,VENTURA,CRITICAL CARE ,8
August,2015,VENTURA,DERMATOLOGY ,40
August,2015,VENTURA,EMERGENCY MEDICINE ,62
August,2015,VENTURA,ENDOCRINOLOGY ,17
August,2015,VENTURA,"FACIAL, PLASTIC & RECONSTRUCTIVE ",2
August,2015,VENTURA,FAMILY PRACTICE ,305
August,2015,VENTURA,GASTROENTEROLOGY,27
August,2015,VENTURA,GENERAL PRACTICE,35
August,2015,VENTURA,GENERAL SURGERY ,48
August,2015,VENTURA,GERIATRICS ,10
August,2015,VENTURA,HEMATOLOGY,6
August,2015,VENTURA,INFECTIOUS DISEASE ,10
August,2015,VENTURA,INTERNAL MEDICINE ,191
August,2015,VENTURA,MEDICAL GENETICS ,2
August,2015,VENTURA,NEONATAL-PERINATAL MED. ,8
August,2015,VENTURA,NEPHROLOGY ,19
August,2015,VENTURA,NEUROLOGICAL SURGERY ,16
August,2015,VENTURA,NEUROLOGY ,30
August,2015,VENTURA,NUCLEAR MEDICINE ,4
August,2015,VENTURA,OBSTETRICS & GYNECOLOGY ,79
August,2015,VENTURA,OCCUPATIONAL MEDICINE ,8
August,2015,VENTURA,ONCOLOGY ,25
August,2015,VENTURA,OPHTHALMOLOGY ,43
August,2015,VENTURA,ORTHOPAEDIC SURGERY ,56
August,2015,VENTURA,OTHER MEDICAL PRACTICE ,29
August,2015,VENTURA,OTOLARYNGOLOGY ,21
August,2015,VENTURA,PAIN MEDICINE ,11
August,2015,VENTURA,PATHOLOGY ,37
August,2015,VENTURA,PEDIATRICS ,125
August,2015,VENTURA,PHYSICAL MEDICINE & REHABILITATION ,6
August,2015,VENTURA,PLASTIC SURGERY ,21
August,2015,VENTURA,PSYCHIATRY ,102
August,2015,VENTURA,PUBLIC HEALTH & GENERAL PREVENTIVE MEDICINE ,5
August,2015,VENTURA,PULMONOLOGY ,15
August,2015,VENTURA,RADIATION ONCOLOGY ,11
August,2015,VENTURA,RADIOLOGY ,54
August,2015,VENTURA,RHEUMATOLOGY ,19
August,2015,VENTURA,SLEEP MEDICINE ,3
August,2015,VENTURA,SPINE SURGERY ,4
August,2015,VENTURA,SPORTS MEDICINE ,3
August,2015,VENTURA,SURGICAL ONCOLOGY ,4
August,2015,VENTURA,THORACIC SURGERY ,9
August,2015,VENTURA,UROLOGY ,12
August,2015,VENTURA,VASCULAR SURGERY ,8
August,2015,YOLO,ALLERGY & IMMUNOLOGY,4
August,2015,YOLO,ANESTHESIOLOGY,20
August,2015,YOLO,CARDIOLOGY ,11
August,2015,YOLO,COMPLEMENTARY & ALTERNATIVE MEDICINE ,1
August,2015,YOLO,DERMATOLOGY ,7
August,2015,YOLO,EMERGENCY MEDICINE ,13
August,2015,YOLO,ENDOCRINOLOGY ,5
August,2015,YOLO,FAMILY PRACTICE ,78
August,2015,YOLO,GASTROENTEROLOGY,7
August,2015,YOLO,GENERAL PRACTICE,9
August,2015,YOLO,GENERAL SURGERY ,13
August,2015,YOLO,HEMATOLOGY,1
August,2015,YOLO,INFECTIOUS DISEASE ,3
August,2015,YOLO,INTERNAL MEDICINE ,57
August,2015,YOLO,MEDICAL GENETICS ,1
August,2015,YOLO,NEONATAL-PERINATAL MED. ,2
August,2015,YOLO,NEPHROLOGY ,2
August,2015,YOLO,NEUROLOGICAL SURGERY ,3
August,2015,YOLO,NEUROLOGY ,9
August,2015,YOLO,NUCLEAR MEDICINE ,1
August,2015,YOLO,OBSTETRICS & GYNECOLOGY ,25
August,2015,YOLO,OCCUPATIONAL MEDICINE ,9
August,2015,YOLO,ONCOLOGY ,5
August,2015,YOLO,OPHTHALMOLOGY ,10
August,2015,YOLO,ORTHOPAEDIC SURGERY ,6
August,2015,YOLO,OTHER MEDICAL PRACTICE ,11
August,2015,YOLO,OTOLARYNGOLOGY ,3
August,2015,YOLO,PAIN MEDICINE ,1
August,2015,YOLO,PATHOLOGY ,20
August,2015,YOLO,PEDIATRICS ,42
August,2015,YOLO,PHYSICAL MEDICINE & REHABILITATION ,3
August,2015,YOLO,PLASTIC SURGERY ,3
August,2015,YOLO,PSYCHIATRY ,39
August,2015,YOLO,PUBLIC HEALTH & GENERAL PREVENTIVE MEDICINE ,8
August,2015,YOLO,PULMONOLOGY ,3
August,2015,YOLO,RADIATION ONCOLOGY ,1
August,2015,YOLO,RADIOLOGY ,18
August,2015,YOLO,RHEUMATOLOGY ,6
August,2015,YOLO,SPINE SURGERY ,2
August,2015,YOLO,SPORTS MEDICINE ,1
August,2015,YOLO,THORACIC SURGERY ,1
August,2015,YOLO,UROLOGY ,3
August,2015,YOLO,VASCULAR SURGERY ,3
August,2015,YUBA,AEROSPACE MEDICINE ,2
August,2015,YUBA,ANESTHESIOLOGY,1
August,2015,YUBA,CARDIOLOGY ,2
August,2015,YUBA,DERMATOLOGY ,1
August,2015,YUBA,EMERGENCY MEDICINE ,3
August,2015,YUBA,FAMILY PRACTICE ,10
August,2015,YUBA,GENERAL PRACTICE,1
August,2015,YUBA,HEMATOLOGY,1
August,2015,YUBA,INTERNAL MEDICINE ,6
August,2015,YUBA,NEUROLOGY ,1
August,2015,YUBA,OBSTETRICS & GYNECOLOGY ,1
August,2015,YUBA,ONCOLOGY ,2
August,2015,YUBA,OTHER MEDICAL PRACTICE ,1
August,2015,YUBA,PATHOLOGY ,1
August,2015,YUBA,PEDIATRICS ,4
August,2015,YUBA,PSYCHIATRY ,1
August,2015,YUBA,PUBLIC HEALTH & GENERAL PREVENTIVE MEDICINE ,1
August,2015,YUBA,THORACIC SURGERY ,2
August,2015,YUBA,VASCULAR SURGERY ,1
